-- phpMyAdmin SQL Dump
-- version 4.8.5
-- https://www.phpmyadmin.net/
--
-- Máy chủ: 127.0.0.1
-- Thời gian đã tạo: Th5 22, 2020 lúc 05:33 AM
-- Phiên bản máy phục vụ: 10.1.38-MariaDB
-- Phiên bản PHP: 7.3.2

SET SQL_MODE = "NO_AUTO_VALUE_ON_ZERO";
SET AUTOCOMMIT = 0;
START TRANSACTION;
SET time_zone = "+00:00";


/*!40101 SET @OLD_CHARACTER_SET_CLIENT=@@CHARACTER_SET_CLIENT */;
/*!40101 SET @OLD_CHARACTER_SET_RESULTS=@@CHARACTER_SET_RESULTS */;
/*!40101 SET @OLD_COLLATION_CONNECTION=@@COLLATION_CONNECTION */;
/*!40101 SET NAMES utf8mb4 */;

--
-- Cơ sở dữ liệu: `doan`
--

-- --------------------------------------------------------

--
-- Cấu trúc bảng cho bảng `admin`
--

CREATE TABLE `admin` (
  `id` int(10) UNSIGNED NOT NULL,
  `name` varchar(191) COLLATE utf8mb4_unicode_ci NOT NULL,
  `email` varchar(191) COLLATE utf8mb4_unicode_ci DEFAULT NULL,
  `phone` char(191) COLLATE utf8mb4_unicode_ci DEFAULT NULL,
  `avatar` varchar(191) COLLATE utf8mb4_unicode_ci DEFAULT NULL,
  `active` tinyint(4) NOT NULL DEFAULT '1',
  `password` varchar(191) COLLATE utf8mb4_unicode_ci DEFAULT NULL,
  `remember_token` varchar(100) COLLATE utf8mb4_unicode_ci DEFAULT NULL,
  `created_at` timestamp NULL DEFAULT NULL,
  `updated_at` timestamp NULL DEFAULT NULL
) ENGINE=InnoDB DEFAULT CHARSET=utf8mb4 COLLATE=utf8mb4_unicode_ci;

--
-- Đang đổ dữ liệu cho bảng `admin`
--

INSERT INTO `admin` (`id`, `name`, `email`, `phone`, `avatar`, `active`, `password`, `remember_token`, `created_at`, `updated_at`) VALUES
(4, 'Thịnh Lê', 'admin@abc', NULL, NULL, 1, '$2y$10$eESookUL5Je9.riyUOu4ce3/53h4z4OENitFtsb99tgsy8GGyDXmW', NULL, NULL, NULL);

-- --------------------------------------------------------

--
-- Cấu trúc bảng cho bảng `cates`
--

CREATE TABLE `cates` (
  `id` int(10) UNSIGNED NOT NULL,
  `name` varchar(191) COLLATE utf8mb4_unicode_ci NOT NULL,
  `alias` varchar(191) COLLATE utf8mb4_unicode_ci NOT NULL,
  `parent_id` int(11) NOT NULL,
  `keywords` varchar(191) COLLATE utf8mb4_unicode_ci NOT NULL,
  `description` varchar(191) COLLATE utf8mb4_unicode_ci NOT NULL,
  `created_at` timestamp NULL DEFAULT NULL,
  `updated_at` timestamp NULL DEFAULT NULL
) ENGINE=InnoDB DEFAULT CHARSET=utf8mb4 COLLATE=utf8mb4_unicode_ci;

--
-- Đang đổ dữ liệu cho bảng `cates`
--

INSERT INTO `cates` (`id`, `name`, `alias`, `parent_id`, `keywords`, `description`, `created_at`, `updated_at`) VALUES
(1, 'Apple', 'dien-thoai-dep', 0, 'fd', 'fds', '2020-01-02 20:03:41', '2020-03-24 08:33:42'),
(3, 'SamSung', 'samsung', 0, 'SamSung', 'SamSung', '2020-01-06 02:03:52', '2020-01-06 02:03:52'),
(4, 'LapTop', 'laptop', 0, 'laptop', 'laptop', '2020-05-13 08:30:23', '2020-05-13 08:30:23'),
(5, 'Audio', 'audio', 0, 'Audio', 'Audio', '2020-05-13 08:30:36', '2020-05-13 08:30:36');

-- --------------------------------------------------------

--
-- Cấu trúc bảng cho bảng `contact`
--

CREATE TABLE `contact` (
  `id` int(10) UNSIGNED NOT NULL,
  `c_name` varchar(191) COLLATE utf8mb4_unicode_ci DEFAULT NULL,
  `c_email` varchar(191) COLLATE utf8mb4_unicode_ci DEFAULT NULL,
  `c_title` varchar(191) COLLATE utf8mb4_unicode_ci DEFAULT NULL,
  `c_content` text COLLATE utf8mb4_unicode_ci,
  `c_status` tinyint(4) NOT NULL DEFAULT '0',
  `created_at` timestamp NULL DEFAULT NULL,
  `updated_at` timestamp NULL DEFAULT NULL
) ENGINE=InnoDB DEFAULT CHARSET=utf8mb4 COLLATE=utf8mb4_unicode_ci;

--
-- Đang đổ dữ liệu cho bảng `contact`
--

INSERT INTO `contact` (`id`, `c_name`, `c_email`, `c_title`, `c_content`, `c_status`, `created_at`, `updated_at`) VALUES
(5, 'Lê Tú', 'nobita@abc', 'Chào Admin', 'Tốt lắm', 1, '2020-02-13 08:52:54', '2020-02-13 08:53:21'),
(6, 'Văn Lê', 'nobita@abc', 'Help me', 'Không có gì', 1, '2020-02-13 08:54:15', '2020-02-13 08:54:24'),
(7, 'Hống Ân', 'nobita@abc', 'Hihi', 'Chào', 1, '2020-02-13 08:55:27', '2020-02-13 08:55:34'),
(11, 'NoBi', 'nobita@abc', 'hay', 'qua', 0, '2020-04-28 08:16:59', '2020-04-28 08:16:59');

-- --------------------------------------------------------

--
-- Cấu trúc bảng cho bảng `failed_jobs`
--

CREATE TABLE `failed_jobs` (
  `id` bigint(20) UNSIGNED NOT NULL,
  `connection` text COLLATE utf8mb4_unicode_ci NOT NULL,
  `queue` text COLLATE utf8mb4_unicode_ci NOT NULL,
  `payload` longtext COLLATE utf8mb4_unicode_ci NOT NULL,
  `exception` longtext COLLATE utf8mb4_unicode_ci NOT NULL,
  `failed_at` timestamp NOT NULL DEFAULT CURRENT_TIMESTAMP
) ENGINE=InnoDB DEFAULT CHARSET=utf8mb4 COLLATE=utf8mb4_unicode_ci;

-- --------------------------------------------------------

--
-- Cấu trúc bảng cho bảng `migrations`
--

CREATE TABLE `migrations` (
  `id` int(10) UNSIGNED NOT NULL,
  `migration` varchar(191) COLLATE utf8mb4_unicode_ci NOT NULL,
  `batch` int(11) NOT NULL
) ENGINE=InnoDB DEFAULT CHARSET=utf8mb4 COLLATE=utf8mb4_unicode_ci;

--
-- Đang đổ dữ liệu cho bảng `migrations`
--

INSERT INTO `migrations` (`id`, `migration`, `batch`) VALUES
(15, '2014_10_12_000000_create_users_table', 1),
(16, '2014_10_12_100000_create_password_resets_table', 1),
(17, '2019_08_19_000000_create_failed_jobs_table', 1),
(18, '2019_12_06_025848_cates', 1),
(19, '2019_12_06_030322_products', 1),
(20, '2019_12_06_032107_product_images', 1),
(21, '2020_01_02_091118_after_product', 2),
(22, '2020_01_20_144913_contact', 3),
(23, '2020_01_21_150650_transaction', 4),
(24, '2020_01_21_150729_order', 4),
(25, '2020_01_21_150757_after_product_2', 4),
(26, '2020_01_27_101736_rating', 5),
(27, '2020_01_27_101809_after_product_3', 5),
(28, '2020_02_02_100431_admin', 6),
(29, '2020_04_16_153927_updateorder', 7);

-- --------------------------------------------------------

--
-- Cấu trúc bảng cho bảng `order`
--

CREATE TABLE `order` (
  `id` int(10) UNSIGNED NOT NULL,
  `transaction_id` int(10) UNSIGNED NOT NULL,
  `product_id` int(11) NOT NULL DEFAULT '0',
  `qty` tinyint(4) NOT NULL DEFAULT '0',
  `price` int(11) NOT NULL DEFAULT '0',
  `sale` tinyint(4) NOT NULL DEFAULT '0',
  `created_at` timestamp NULL DEFAULT NULL,
  `updated_at` timestamp NULL DEFAULT NULL
) ENGINE=InnoDB DEFAULT CHARSET=utf8mb4 COLLATE=utf8mb4_unicode_ci;

--
-- Đang đổ dữ liệu cho bảng `order`
--

INSERT INTO `order` (`id`, `transaction_id`, `product_id`, `qty`, `price`, `sale`, `created_at`, `updated_at`) VALUES
(20, 25, 1, 1, 2000000, 30, NULL, NULL);

-- --------------------------------------------------------

--
-- Cấu trúc bảng cho bảng `password_resets`
--

CREATE TABLE `password_resets` (
  `email` varchar(191) COLLATE utf8mb4_unicode_ci NOT NULL,
  `token` varchar(191) COLLATE utf8mb4_unicode_ci NOT NULL,
  `created_at` timestamp NULL DEFAULT NULL
) ENGINE=InnoDB DEFAULT CHARSET=utf8mb4 COLLATE=utf8mb4_unicode_ci;

-- --------------------------------------------------------

--
-- Cấu trúc bảng cho bảng `products`
--

CREATE TABLE `products` (
  `id` int(10) UNSIGNED NOT NULL,
  `name` varchar(191) COLLATE utf8mb4_unicode_ci NOT NULL,
  `alias` varchar(191) COLLATE utf8mb4_unicode_ci NOT NULL,
  `price` int(11) NOT NULL DEFAULT '0',
  `pro_sale` int(11) NOT NULL DEFAULT '0',
  `pro_active` tinyint(4) NOT NULL DEFAULT '1',
  `pro_hot` tinyint(4) NOT NULL DEFAULT '0',
  `image` varchar(191) COLLATE utf8mb4_unicode_ci DEFAULT NULL,
  `cate_id` int(10) UNSIGNED NOT NULL,
  `created_at` timestamp NULL DEFAULT NULL,
  `updated_at` timestamp NULL DEFAULT NULL,
  `pro_content` longtext COLLATE utf8mb4_unicode_ci,
  `pro_pay` tinyint(4) NOT NULL DEFAULT '0',
  `pro_number` int(11) NOT NULL DEFAULT '0',
  `pro_total_rating` int(11) NOT NULL DEFAULT '0' COMMENT 'Tổng số đánh giá',
  `pro_total_number` int(11) NOT NULL DEFAULT '0' COMMENT 'Tổng số điểm đánh giá',
  `description` longtext COLLATE utf8mb4_unicode_ci
) ENGINE=InnoDB DEFAULT CHARSET=utf8mb4 COLLATE=utf8mb4_unicode_ci;

--
-- Đang đổ dữ liệu cho bảng `products`
--

INSERT INTO `products` (`id`, `name`, `alias`, `price`, `pro_sale`, `pro_active`, `pro_hot`, `image`, `cate_id`, `created_at`, `updated_at`, `pro_content`, `pro_pay`, `pro_number`, `pro_total_rating`, `pro_total_number`, `description`) VALUES
(1, 'Điện Thoại Vsmart Star - Hàng chính hãng', 'dien-thoai-vsmart-star-hang-chinh-hang', 2000000, 30, 1, 0, '12.jpg', 3, '2020-02-02 07:55:45', '2020-05-14 03:38:39', '<h5 style=\"text-align:justify\">Thiết kế hiện đại, tinh tế</h5>\r\n\r\n<p style=\"text-align:justify\">Điện Thoại Samsung Galaxy A01&nbsp;được trang bị màn hình Infinity-V kích thước 5.7 inch, độ phân giải HD+ cho góc nhìn tốt cùng màu sắc trung tính với độ sáng cao. Mặt lưng của máy được thiết kế bằng nhựa mỏng nhẹ bậc nhất, chỉ 8.3 mm giúp giảm để lại mồ hôi và dấu vân tay, các góc cạnh được bo tròn nhẹ nhàng cho bạn cảm giác dễ dàng cầm nắm và cho vào túi quần. Tự do thể hiện cá tính riêng với các phiên bản màu sắc: Đen, Xanh và Đỏ.</p>\r\n\r\n<p style=\"text-align:justify\"><img alt=\"\" src=\"https://salt.tikicdn.com/ts/tmp/84/ba/f1/88c1f366a28c6c78ce8594d10b0fa205.jpg\" style=\"border:0px; box-sizing:border-box; display:block; height:auto; margin-left:auto; margin-right:auto; max-width:100%; vertical-align:middle; width:750px\" /></p>\r\n\r\n<h5 style=\"text-align:justify\">Màn hình rộng cho trải nghiệm bất tận</h5>\r\n\r\n<p style=\"text-align:justify\">Chơi game thoải thích trong nhiều giờ liền, phát trực tiếp hay thỏa sức đa nhiệm bất tận với màn hình HD+ TFT rộng 5.7 inch trên Galaxy A01. Camera trước được gói gọn trong góc cắt chữ V của màn hình Infinity-V giúp tăng tối đa diện tích sử dụng, mang lại tầm nhìn thoải mái và những trải nghiệm đắm chìm.</p>\r\n\r\n<p style=\"text-align:justify\"><img alt=\"\" src=\"https://salt.tikicdn.com/ts/tmp/91/7d/3e/3ae4166b2f81d2dc08ebbe091366b1dc.jpg\" style=\"border:0px; box-sizing:border-box; display:block; height:auto; margin-left:auto; margin-right:auto; max-width:100%; vertical-align:middle; width:750px\" /></p>\r\n\r\n<h5 style=\"text-align:justify\">Hai camera sau - trọn khung hình cuộc sống</h5>\r\n\r\n<p style=\"text-align:justify\">Máy được trang bị camera kép ở mặt sau bao gồm: 1 camera chính có độ phân giải 13 MP và một camera phụ hỗ trợ chụp chân dung xóa phông 2 MP. Nhanh chóng lưu trọn từng khung cảnh dù thiếu sáng hay nắng rực rỡ với Camera sau 13MP từ Galaxy A01. Đừng quên thử nghiệm tính năng Xóa Phông Chuyên Nghiệp trước hoặc sau khi chụp để tạo nên hiệu ứng nhòe hậu cảnh đầy ảo diệu. Camera Chiều Sâu nhận diện và giúp mọi khuôn mặt trở nên nổi bật bằng cách làm mờ cảnh vật xung quanh.</p>\r\n\r\n<p style=\"text-align:justify\"><img alt=\"\" src=\"https://salt.tikicdn.com/ts/tmp/0b/58/f0/f2672f1ff34d7078d181262d4d5204cc.jpg\" style=\"border:0px; box-sizing:border-box; display:block; height:auto; margin-left:auto; margin-right:auto; max-width:100%; vertical-align:middle; width:750px\" /></p>\r\n\r\n<h5 style=\"text-align:justify\">&nbsp;</h5>', 9, 12, 39, 138, '<ul>\r\n	<li>Hàng chính hãng, Nguyên seal, Mới 100%, Đã kích hoạt bảo hành điện tử</li>\r\n	<li>Đã kích hoạt bảo hành điện tử</li>\r\n	<li>Màn hình: PLS TFT LCD, 5.7\", HD+</li>\r\n	<li>Hệ điều hành: Android 10</li>\r\n	<li>Camera sau: Chính 13 MP &amp; Phụ 2 MP</li>\r\n	<li>Camera trước: 5 MP</li>\r\n	<li>CPU: Snapdragon 439 8 nhân</li>\r\n	<li>RAM: 2 GB</li>\r\n</ul>'),
(3, 'Điện Thoại Samsung Galaxy Note 10 Plus (256GB/12GB) - Hàng Chính Hãng', 'dien-thoai-samsung-galaxy-note-10-plus-256gb-12gb-hang-chinh-hang', 3000000, 60, 1, 0, 'TLQ8_9.jpg', 3, '2020-02-07 03:59:06', '2020-05-14 08:18:59', '<p><img alt=\"\" src=\"https://salt.tikicdn.com/ts/tmp/84/ba/f1/88c1f366a28c6c78ce8594d10b0fa205.jpg\" style=\"border:0px; box-sizing:border-box; display:block; height:auto; margin-left:auto; margin-right:auto; max-width:100%; text-align:justify; vertical-align:middle; width:750px\" /></p>', 20, 7, 0, 0, '<ul>\r\n	<li>Hàng chính hãng, Nguyên seal, Mới 100%, Đã kích hoạt bảo hành điện tử</li>\r\n	<li>Đã kích hoạt bảo hành điện tử</li>\r\n	<li>Màn hình: PLS TFT LCD, 5.7\", HD+</li>\r\n	<li>Hệ điều hành: Android 10</li>\r\n	<li>Camera sau: Chính 13 MP &amp; Phụ 2 MP</li>\r\n	<li>Camera trước: 5 MP</li>\r\n	<li>CPU: Snapdragon 439 8 nhân</li>\r\n	<li>RAM: 2 GB</li>\r\n</ul>'),
(4, 'Điện Thoại Xiaomi Redmi 7A (2GB/16GB) - Hàng Chính Hãng', 'dien-thoai-xiaomi-redmi-7a-2gb-16gb-hang-chinh-hang', 5000000, 0, 1, 0, 'jKm4_8.jpg', 3, '2020-02-07 04:00:13', '2020-05-14 03:42:33', '<p><img alt=\"\" src=\"https://salt.tikicdn.com/ts/tmp/84/ba/f1/88c1f366a28c6c78ce8594d10b0fa205.jpg\" style=\"border:0px; box-sizing:border-box; display:block; height:auto; margin-left:auto; margin-right:auto; max-width:100%; text-align:justify; vertical-align:middle; width:750px\" /></p>', 0, 10, 0, 0, '<ul>\r\n	<li>Hàng chính hãng, Nguyên seal, Mới 100%, Đã kích hoạt bảo hành điện tử</li>\r\n	<li>Đã kích hoạt bảo hành điện tử</li>\r\n	<li>Màn hình: PLS TFT LCD, 5.7\", HD+</li>\r\n	<li>Hệ điều hành: Android 10</li>\r\n	<li>Camera sau: Chính 13 MP &amp; Phụ 2 MP</li>\r\n	<li>Camera trước: 5 MP</li>\r\n	<li>CPU: Snapdragon 439 8 nhân</li>\r\n	<li>RAM: 2 GB</li>\r\n</ul>'),
(5, 'Điện Thoại iPhone 11 128GB - Hàng Chính Hãng', 'dien-thoai-iphone-11-128gb-hang-chinh-hang', 10000000, 20, 1, 0, 'FVHZ_10.jpg', 3, '2020-02-07 04:01:23', '2020-05-14 08:20:18', '<p><img alt=\"\" src=\"https://salt.tikicdn.com/ts/tmp/84/ba/f1/88c1f366a28c6c78ce8594d10b0fa205.jpg\" style=\"border:0px; box-sizing:border-box; display:block; height:auto; margin-left:auto; margin-right:auto; max-width:100%; text-align:justify; vertical-align:middle; width:750px\" /></p>', 0, 10, 0, 0, '<ul>\r\n	<li>Hàng chính hãng, Nguyên seal, Mới 100%, Đã kích hoạt bảo hành điện tử</li>\r\n	<li>Đã kích hoạt bảo hành điện tử</li>\r\n	<li>Màn hình: PLS TFT LCD, 5.7\", HD+</li>\r\n	<li>Hệ điều hành: Android 10</li>\r\n	<li>Camera sau: Chính 13 MP &amp; Phụ 2 MP</li>\r\n	<li>Camera trước: 5 MP</li>\r\n	<li>CPU: Snapdragon 439 8 nhân</li>\r\n	<li>RAM: 2 GB</li>\r\n</ul>'),
(6, 'Điện Thoại iPhone 8 Plus - Hàng Chính Hãng VN/A', 'dien-thoai-iphone-8-plus-hang-chinh-hang-vn-a', 7000000, 0, 1, 0, 'GS.000975_FEATURE_42587.jpg', 3, '2020-02-07 04:01:59', '2020-05-14 08:21:26', '<h5 style=\"text-align:justify\">Thiết kế hiện đại, tinh tế</h5>\r\n\r\n<p style=\"text-align:justify\">Điện Thoại Samsung Galaxy A01&nbsp;được trang bị màn hình Infinity-V kích thước 5.7 inch, độ phân giải HD+ cho góc nhìn tốt cùng màu sắc trung tính với độ sáng cao. Mặt lưng của máy được thiết kế bằng nhựa mỏng nhẹ bậc nhất, chỉ 8.3 mm giúp giảm để lại mồ hôi và dấu vân tay, các góc cạnh được bo tròn nhẹ nhàng cho bạn cảm giác dễ dàng cầm nắm và cho vào túi quần. Tự do thể hiện cá tính riêng với các phiên bản màu sắc: Đen, Xanh và Đỏ.</p>\r\n\r\n<p style=\"text-align:justify\"><img alt=\"\" src=\"https://salt.tikicdn.com/ts/tmp/84/ba/f1/88c1f366a28c6c78ce8594d10b0fa205.jpg\" style=\"border:0px; box-sizing:border-box; display:block; height:auto; margin-left:auto; margin-right:auto; max-width:100%; vertical-align:middle; width:750px\" /></p>\r\n\r\n<h5 style=\"text-align:justify\">Màn hình rộng cho trải nghiệm bất tận</h5>\r\n\r\n<p style=\"text-align:justify\">Chơi game thoải thích trong nhiều giờ liền, phát trực tiếp hay thỏa sức đa nhiệm bất tận với màn hình HD+ TFT rộng 5.7 inch trên Galaxy A01. Camera trước được gói gọn trong góc cắt chữ V của màn hình Infinity-V giúp tăng tối đa diện tích sử dụng, mang lại tầm nhìn thoải mái và những trải nghiệm đắm chìm.</p>\r\n\r\n<p style=\"text-align:justify\"><img alt=\"\" src=\"https://salt.tikicdn.com/ts/tmp/91/7d/3e/3ae4166b2f81d2dc08ebbe091366b1dc.jpg\" style=\"border:0px; box-sizing:border-box; display:block; height:auto; margin-left:auto; margin-right:auto; max-width:100%; vertical-align:middle; width:750px\" /></p>\r\n\r\n<h5 style=\"text-align:justify\">Hai camera sau - trọn khung hình cuộc sống</h5>\r\n\r\n<p style=\"text-align:justify\">Máy được trang bị camera kép ở mặt sau bao gồm: 1 camera chính có độ phân giải 13 MP và một camera phụ hỗ trợ chụp chân dung xóa phông 2 MP. Nhanh chóng lưu trọn từng khung cảnh dù thiếu sáng hay nắng rực rỡ với Camera sau 13MP từ Galaxy A01. Đừng quên thử nghiệm tính năng Xóa Phông Chuyên Nghiệp trước hoặc sau khi chụp để tạo nên hiệu ứng nhòe hậu cảnh đầy ảo diệu. Camera Chiều Sâu nhận diện và giúp mọi khuôn mặt trở nên nổi bật bằng cách làm mờ cảnh vật xung quanh.</p>\r\n\r\n<p style=\"text-align:justify\"><img alt=\"\" src=\"https://salt.tikicdn.com/ts/tmp/0b/58/f0/f2672f1ff34d7078d181262d4d5204cc.jpg\" style=\"border:0px; box-sizing:border-box; display:block; height:auto; margin-left:auto; margin-right:auto; max-width:100%; vertical-align:middle; width:750px\" /></p>\r\n\r\n<h5 style=\"text-align:justify\">&nbsp;</h5>', 0, 10, 0, 200, '<ul>\r\n	<li>Hàng chính hãng, Nguyên seal, Mới 100%, Đã kích hoạt bảo hành điện tử</li>\r\n	<li>Đã kích hoạt bảo hành điện tử</li>\r\n	<li>Màn hình: PLS TFT LCD, 5.7\", HD+</li>\r\n	<li>Hệ điều hành: Android 10</li>\r\n	<li>Camera sau: Chính 13 MP &amp; Phụ 2 MP</li>\r\n	<li>Camera trước: 5 MP</li>\r\n	<li>CPU: Snapdragon 439 8 nhân</li>\r\n	<li>RAM: 2 GB</li>\r\n</ul>'),
(7, 'Điện Thoại iPhone 11 Pro Max 64GB - Hàng Nhập Khẩu', 'dien-thoai-iphone-11-pro-max-64gb-hang-nhap-khau', 6000000, 50, 1, 0, 'samsung-galaxy-s20-plus-8gb-128gb-cty_1.jpg', 3, '2020-02-07 04:02:42', '2020-05-14 08:23:03', '<h5 style=\"text-align:justify\">Thiết kế hiện đại, tinh tế</h5>\r\n\r\n<p style=\"text-align:justify\">Điện Thoại Samsung Galaxy A01&nbsp;được trang bị màn hình Infinity-V kích thước 5.7 inch, độ phân giải HD+ cho góc nhìn tốt cùng màu sắc trung tính với độ sáng cao. Mặt lưng của máy được thiết kế bằng nhựa mỏng nhẹ bậc nhất, chỉ 8.3 mm giúp giảm để lại mồ hôi và dấu vân tay, các góc cạnh được bo tròn nhẹ nhàng cho bạn cảm giác dễ dàng cầm nắm và cho vào túi quần. Tự do thể hiện cá tính riêng với các phiên bản màu sắc: Đen, Xanh và Đỏ.</p>\r\n\r\n<p style=\"text-align:justify\"><img alt=\"\" src=\"https://salt.tikicdn.com/ts/tmp/84/ba/f1/88c1f366a28c6c78ce8594d10b0fa205.jpg\" style=\"border:0px; box-sizing:border-box; display:block; height:auto; margin-left:auto; margin-right:auto; max-width:100%; vertical-align:middle; width:750px\" /></p>\r\n\r\n<h5 style=\"text-align:justify\">Màn hình rộng cho trải nghiệm bất tận</h5>\r\n\r\n<p style=\"text-align:justify\">Chơi game thoải thích trong nhiều giờ liền, phát trực tiếp hay thỏa sức đa nhiệm bất tận với màn hình HD+ TFT rộng 5.7 inch trên Galaxy A01. Camera trước được gói gọn trong góc cắt chữ V của màn hình Infinity-V giúp tăng tối đa diện tích sử dụng, mang lại tầm nhìn thoải mái và những trải nghiệm đắm chìm.</p>\r\n\r\n<p style=\"text-align:justify\"><img alt=\"\" src=\"https://salt.tikicdn.com/ts/tmp/91/7d/3e/3ae4166b2f81d2dc08ebbe091366b1dc.jpg\" style=\"border:0px; box-sizing:border-box; display:block; height:auto; margin-left:auto; margin-right:auto; max-width:100%; vertical-align:middle; width:750px\" /></p>\r\n\r\n<h5 style=\"text-align:justify\">Hai camera sau - trọn khung hình cuộc sống</h5>\r\n\r\n<p style=\"text-align:justify\">Máy được trang bị camera kép ở mặt sau bao gồm: 1 camera chính có độ phân giải 13 MP và một camera phụ hỗ trợ chụp chân dung xóa phông 2 MP. Nhanh chóng lưu trọn từng khung cảnh dù thiếu sáng hay nắng rực rỡ với Camera sau 13MP từ Galaxy A01. Đừng quên thử nghiệm tính năng Xóa Phông Chuyên Nghiệp trước hoặc sau khi chụp để tạo nên hiệu ứng nhòe hậu cảnh đầy ảo diệu. Camera Chiều Sâu nhận diện và giúp mọi khuôn mặt trở nên nổi bật bằng cách làm mờ cảnh vật xung quanh.</p>\r\n\r\n<p style=\"text-align:justify\"><img alt=\"\" src=\"https://salt.tikicdn.com/ts/tmp/0b/58/f0/f2672f1ff34d7078d181262d4d5204cc.jpg\" style=\"border:0px; box-sizing:border-box; display:block; height:auto; margin-left:auto; margin-right:auto; max-width:100%; vertical-align:middle; width:750px\" /></p>\r\n\r\n<h5 style=\"text-align:justify\">&nbsp;</h5>', 0, 10, 0, 0, '<ul>\r\n	<li>Hàng chính hãng, Nguyên seal, Mới 100%, Đã kích hoạt bảo hành điện tử</li>\r\n	<li>Đã kích hoạt bảo hành điện tử</li>\r\n	<li>Màn hình: PLS TFT LCD, 5.7\", HD+</li>\r\n	<li>Hệ điều hành: Android 10</li>\r\n	<li>Camera sau: Chính 13 MP &amp; Phụ 2 MP</li>\r\n	<li>Camera trước: 5 MP</li>\r\n	<li>CPU: Snapdragon 439 8 nhân</li>\r\n	<li>RAM: 2 GB</li>\r\n</ul>'),
(8, 'Điện Thoại iPhone 11 Pro 64GB - Hàng Chính Hãng', 'dien-thoai-iphone-11-pro-64gb-hang-chinh-hang', 4000000, 20, 1, 0, '9.jpg', 3, '2020-02-07 04:03:22', '2020-05-14 08:24:31', '<h5 style=\"text-align:justify\">Thiết kế hiện đại, tinh tế</h5>\r\n\r\n<p style=\"text-align:justify\">Điện Thoại Samsung Galaxy A01&nbsp;được trang bị màn hình Infinity-V kích thước 5.7 inch, độ phân giải HD+ cho góc nhìn tốt cùng màu sắc trung tính với độ sáng cao. Mặt lưng của máy được thiết kế bằng nhựa mỏng nhẹ bậc nhất, chỉ 8.3 mm giúp giảm để lại mồ hôi và dấu vân tay, các góc cạnh được bo tròn nhẹ nhàng cho bạn cảm giác dễ dàng cầm nắm và cho vào túi quần. Tự do thể hiện cá tính riêng với các phiên bản màu sắc: Đen, Xanh và Đỏ.</p>\r\n\r\n<p style=\"text-align:justify\"><img alt=\"\" src=\"https://salt.tikicdn.com/ts/tmp/84/ba/f1/88c1f366a28c6c78ce8594d10b0fa205.jpg\" style=\"border:0px; box-sizing:border-box; display:block; height:auto; margin-left:auto; margin-right:auto; max-width:100%; vertical-align:middle; width:750px\" /></p>\r\n\r\n<h5 style=\"text-align:justify\">Màn hình rộng cho trải nghiệm bất tận</h5>\r\n\r\n<p style=\"text-align:justify\">Chơi game thoải thích trong nhiều giờ liền, phát trực tiếp hay thỏa sức đa nhiệm bất tận với màn hình HD+ TFT rộng 5.7 inch trên Galaxy A01. Camera trước được gói gọn trong góc cắt chữ V của màn hình Infinity-V giúp tăng tối đa diện tích sử dụng, mang lại tầm nhìn thoải mái và những trải nghiệm đắm chìm.</p>\r\n\r\n<p style=\"text-align:justify\"><img alt=\"\" src=\"https://salt.tikicdn.com/ts/tmp/91/7d/3e/3ae4166b2f81d2dc08ebbe091366b1dc.jpg\" style=\"border:0px; box-sizing:border-box; display:block; height:auto; margin-left:auto; margin-right:auto; max-width:100%; vertical-align:middle; width:750px\" /></p>\r\n\r\n<h5 style=\"text-align:justify\">Hai camera sau - trọn khung hình cuộc sống</h5>\r\n\r\n<p style=\"text-align:justify\">Máy được trang bị camera kép ở mặt sau bao gồm: 1 camera chính có độ phân giải 13 MP và một camera phụ hỗ trợ chụp chân dung xóa phông 2 MP. Nhanh chóng lưu trọn từng khung cảnh dù thiếu sáng hay nắng rực rỡ với Camera sau 13MP từ Galaxy A01. Đừng quên thử nghiệm tính năng Xóa Phông Chuyên Nghiệp trước hoặc sau khi chụp để tạo nên hiệu ứng nhòe hậu cảnh đầy ảo diệu. Camera Chiều Sâu nhận diện và giúp mọi khuôn mặt trở nên nổi bật bằng cách làm mờ cảnh vật xung quanh.</p>\r\n\r\n<p style=\"text-align:justify\"><img alt=\"\" src=\"https://salt.tikicdn.com/ts/tmp/0b/58/f0/f2672f1ff34d7078d181262d4d5204cc.jpg\" style=\"border:0px; box-sizing:border-box; display:block; height:auto; margin-left:auto; margin-right:auto; max-width:100%; vertical-align:middle; width:750px\" /></p>\r\n\r\n<h5 style=\"text-align:justify\">&nbsp;</h5>', 0, 10, 0, 0, '<ul>\r\n	<li>Hàng chính hãng, Nguyên seal, Mới 100%, Đã kích hoạt bảo hành điện tử</li>\r\n	<li>Đã kích hoạt bảo hành điện tử</li>\r\n	<li>Màn hình: PLS TFT LCD, 5.7\", HD+</li>\r\n	<li>Hệ điều hành: Android 10</li>\r\n	<li>Camera sau: Chính 13 MP &amp; Phụ 2 MP</li>\r\n	<li>Camera trước: 5 MP</li>\r\n	<li>CPU: Snapdragon 439 8 nhân</li>\r\n	<li>RAM: 2 GB</li>\r\n</ul>'),
(9, 'Điện Thoại iPhone 10 128GB - Hàng Chính Hãng', 'dien-thoai-iphone-10-128gb-hang-chinh-hang', 9000000, 20, 1, 0, '10.jpg', 3, '2020-02-07 04:04:23', '2020-05-14 08:25:38', '<h5 style=\"text-align:justify\">Thiết kế hiện đại, tinh tế</h5>\r\n\r\n<p style=\"text-align:justify\">Điện Thoại Samsung Galaxy A01&nbsp;được trang bị màn hình Infinity-V kích thước 5.7 inch, độ phân giải HD+ cho góc nhìn tốt cùng màu sắc trung tính với độ sáng cao. Mặt lưng của máy được thiết kế bằng nhựa mỏng nhẹ bậc nhất, chỉ 8.3 mm giúp giảm để lại mồ hôi và dấu vân tay, các góc cạnh được bo tròn nhẹ nhàng cho bạn cảm giác dễ dàng cầm nắm và cho vào túi quần. Tự do thể hiện cá tính riêng với các phiên bản màu sắc: Đen, Xanh và Đỏ.</p>\r\n\r\n<p style=\"text-align:justify\"><img alt=\"\" src=\"https://salt.tikicdn.com/ts/tmp/84/ba/f1/88c1f366a28c6c78ce8594d10b0fa205.jpg\" style=\"border:0px; box-sizing:border-box; display:block; height:auto; margin-left:auto; margin-right:auto; max-width:100%; vertical-align:middle; width:750px\" /></p>\r\n\r\n<h5 style=\"text-align:justify\">Màn hình rộng cho trải nghiệm bất tận</h5>\r\n\r\n<p style=\"text-align:justify\">Chơi game thoải thích trong nhiều giờ liền, phát trực tiếp hay thỏa sức đa nhiệm bất tận với màn hình HD+ TFT rộng 5.7 inch trên Galaxy A01. Camera trước được gói gọn trong góc cắt chữ V của màn hình Infinity-V giúp tăng tối đa diện tích sử dụng, mang lại tầm nhìn thoải mái và những trải nghiệm đắm chìm.</p>\r\n\r\n<p style=\"text-align:justify\"><img alt=\"\" src=\"https://salt.tikicdn.com/ts/tmp/91/7d/3e/3ae4166b2f81d2dc08ebbe091366b1dc.jpg\" style=\"border:0px; box-sizing:border-box; display:block; height:auto; margin-left:auto; margin-right:auto; max-width:100%; vertical-align:middle; width:750px\" /></p>\r\n\r\n<h5 style=\"text-align:justify\">Hai camera sau - trọn khung hình cuộc sống</h5>\r\n\r\n<p style=\"text-align:justify\">Máy được trang bị camera kép ở mặt sau bao gồm: 1 camera chính có độ phân giải 13 MP và một camera phụ hỗ trợ chụp chân dung xóa phông 2 MP. Nhanh chóng lưu trọn từng khung cảnh dù thiếu sáng hay nắng rực rỡ với Camera sau 13MP từ Galaxy A01. Đừng quên thử nghiệm tính năng Xóa Phông Chuyên Nghiệp trước hoặc sau khi chụp để tạo nên hiệu ứng nhòe hậu cảnh đầy ảo diệu. Camera Chiều Sâu nhận diện và giúp mọi khuôn mặt trở nên nổi bật bằng cách làm mờ cảnh vật xung quanh.</p>\r\n\r\n<p style=\"text-align:justify\"><img alt=\"\" src=\"https://salt.tikicdn.com/ts/tmp/0b/58/f0/f2672f1ff34d7078d181262d4d5204cc.jpg\" style=\"border:0px; box-sizing:border-box; display:block; height:auto; margin-left:auto; margin-right:auto; max-width:100%; vertical-align:middle; width:750px\" /></p>\r\n\r\n<h5 style=\"text-align:justify\">&nbsp;</h5>', 0, 20, 0, 0, '<ul>\r\n	<li>Hàng chính hãng, Nguyên seal, Mới 100%, Đã kích hoạt bảo hành điện tử</li>\r\n	<li>Đã kích hoạt bảo hành điện tử</li>\r\n	<li>Màn hình: PLS TFT LCD, 5.7\", HD+</li>\r\n	<li>Hệ điều hành: Android 10</li>\r\n	<li>Camera sau: Chính 13 MP &amp; Phụ 2 MP</li>\r\n	<li>Camera trước: 5 MP</li>\r\n	<li>CPU: Snapdragon 439 8 nhân</li>\r\n	<li>RAM: 2 GB</li>\r\n</ul>'),
(10, 'Điện Thoại iPhone 11 158GB - Hàng Chính Hãng', 'dien-thoai-iphone-11-158gb-hang-chinh-hang', 5000000, 20, 1, 0, 'dien-thoai-iphone-11-pro-max-3a.jpg', 3, '2020-02-07 04:05:04', '2020-05-14 08:26:27', '<h5 style=\"text-align:justify\">Thiết kế hiện đại, tinh tế</h5>\r\n\r\n<p style=\"text-align:justify\">Điện Thoại Samsung Galaxy A01&nbsp;được trang bị màn hình Infinity-V kích thước 5.7 inch, độ phân giải HD+ cho góc nhìn tốt cùng màu sắc trung tính với độ sáng cao. Mặt lưng của máy được thiết kế bằng nhựa mỏng nhẹ bậc nhất, chỉ 8.3 mm giúp giảm để lại mồ hôi và dấu vân tay, các góc cạnh được bo tròn nhẹ nhàng cho bạn cảm giác dễ dàng cầm nắm và cho vào túi quần. Tự do thể hiện cá tính riêng với các phiên bản màu sắc: Đen, Xanh và Đỏ.</p>\r\n\r\n<p style=\"text-align:justify\"><img alt=\"\" src=\"https://salt.tikicdn.com/ts/tmp/84/ba/f1/88c1f366a28c6c78ce8594d10b0fa205.jpg\" style=\"border:0px; box-sizing:border-box; display:block; height:auto; margin-left:auto; margin-right:auto; max-width:100%; vertical-align:middle; width:750px\" /></p>\r\n\r\n<h5 style=\"text-align:justify\">Màn hình rộng cho trải nghiệm bất tận</h5>\r\n\r\n<p style=\"text-align:justify\">Chơi game thoải thích trong nhiều giờ liền, phát trực tiếp hay thỏa sức đa nhiệm bất tận với màn hình HD+ TFT rộng 5.7 inch trên Galaxy A01. Camera trước được gói gọn trong góc cắt chữ V của màn hình Infinity-V giúp tăng tối đa diện tích sử dụng, mang lại tầm nhìn thoải mái và những trải nghiệm đắm chìm.</p>\r\n\r\n<p style=\"text-align:justify\"><img alt=\"\" src=\"https://salt.tikicdn.com/ts/tmp/91/7d/3e/3ae4166b2f81d2dc08ebbe091366b1dc.jpg\" style=\"border:0px; box-sizing:border-box; display:block; height:auto; margin-left:auto; margin-right:auto; max-width:100%; vertical-align:middle; width:750px\" /></p>\r\n\r\n<h5 style=\"text-align:justify\">Hai camera sau - trọn khung hình cuộc sống</h5>\r\n\r\n<p style=\"text-align:justify\">Máy được trang bị camera kép ở mặt sau bao gồm: 1 camera chính có độ phân giải 13 MP và một camera phụ hỗ trợ chụp chân dung xóa phông 2 MP. Nhanh chóng lưu trọn từng khung cảnh dù thiếu sáng hay nắng rực rỡ với Camera sau 13MP từ Galaxy A01. Đừng quên thử nghiệm tính năng Xóa Phông Chuyên Nghiệp trước hoặc sau khi chụp để tạo nên hiệu ứng nhòe hậu cảnh đầy ảo diệu. Camera Chiều Sâu nhận diện và giúp mọi khuôn mặt trở nên nổi bật bằng cách làm mờ cảnh vật xung quanh.</p>\r\n\r\n<p style=\"text-align:justify\"><img alt=\"\" src=\"https://salt.tikicdn.com/ts/tmp/0b/58/f0/f2672f1ff34d7078d181262d4d5204cc.jpg\" style=\"border:0px; box-sizing:border-box; display:block; height:auto; margin-left:auto; margin-right:auto; max-width:100%; vertical-align:middle; width:750px\" /></p>\r\n\r\n<h5 style=\"text-align:justify\">&nbsp;</h5>', 0, 10, 0, 0, '<ul>\r\n	<li>Hàng chính hãng, Nguyên seal, Mới 100%, Đã kích hoạt bảo hành điện tử</li>\r\n	<li>Đã kích hoạt bảo hành điện tử</li>\r\n	<li>Màn hình: PLS TFT LCD, 5.7\", HD+</li>\r\n	<li>Hệ điều hành: Android 10</li>\r\n	<li>Camera sau: Chính 13 MP &amp; Phụ 2 MP</li>\r\n	<li>Camera trước: 5 MP</li>\r\n	<li>CPU: Snapdragon 439 8 nhân</li>\r\n	<li>RAM: 2 GB</li>\r\n</ul>'),
(11, 'Apple Macbook Air 2020 - 13 Inchs', 'apple-macbook-air-2020-13-inchs', 26000000, 20, 1, 0, '84845_img6170.jpg', 4, '2020-05-13 08:39:36', '2020-05-13 08:39:36', '<h5 style=\"text-align:justify\">Thiết kế cao cấp, thân thiện với môi trường</h5>\r\n\r\n<p style=\"text-align:justify\">Apple Macbook Air 2020 - 13 Inchs (i3-10th/ 8GB/ 256GB)&nbsp;được sản xuất hoàn toàn từ hợp kim nhôm do chính Apple tạo ra với điểm mạnh là vẻ đẹp cao cấp, cứng cáp và độ bền hoàn hảo. Không chỉ đẹp sang trọng, điểm đặc biệt trong thiết kế MacBook Air 13 còn đến từ nguồn gốc của chất liệu. Apple đã sử dụng 100% nhôm tái chế để tạo nên MacBook Air 2020, thay vì khai thác nguồn nhôm từ trái đất. Vật liệu tái chế được hoàn thiện ở mức nguyên tử, tạo nên một kiệt tác laptop, nhưng lại rất thân thiện với môi trường.</p>\r\n\r\n<h5 style=\"text-align:justify\">Màn hình Retina ấn tượng với 4 triệu điểm ảnh</h5>\r\n\r\n<p style=\"text-align:justify\">Với độ phân giải siêu cao 2560 x 1600 pixels, tương đương hơn 4 triệu điểm ảnh trên màn hình kích thước 13,3 inch, bạn sẽ được tận hưởng những hình ảnh vô cùng sắc nét. Chất lượng hình ảnh được nâng lên một tầm cao mới trong khi văn bản hiển thị cực kỳ rõ ràng. Màn hình MacBook Air 2020 hỗ trợ công nghệ True Tone, tự động điều chỉnh màu để phù hợp với môi trường, giúp cho hình ảnh luôn luôn chân thực và tự nhiên. Hình ảnh tràn viền, màu sắc chính xác và độ nét đáng kinh ngạc, tất cả tạo nên một màn hình laptop ấn tượng bậc nhất hiện nay.</p>\r\n\r\n<h5 style=\"text-align:justify\">Bộ vi xử lý Intel thế hệ thứ 10, sức mạnh vượt trội</h5>\r\n\r\n<p style=\"text-align:justify\">Bên trong chiếc máy có trọng lượng chỉ 1,27kg là một sức mạnh tuyệt vời. MacBook Air 13 2020 256GB mang trên mình bộ vi xử lý Intel Core i3 thế hệ thứ 10 với tốc độ 1,1GHz Turbo Boost lên tới 3,2GHz. So với phiên bản cùng phân khúc đời trước, MacBook Air 13 2020 có hiệu năng CPU nhanh hơn gấp 2 lần và đồ họa nhanh hơn tới 80%. Từ duyệt web, chơi game cho đến chỉnh sửa video, mọi thứ đều diễn ra nhanh chóng. Phiên bản SSD 256GB có bộ nhớ nhiều gấp đôi trước đây, mang đến nhiều không gian lưu trữ hơn, cho bạn không gian làm việc thoải mái hơn.</p>\r\n\r\n<h5 style=\"text-align:justify\">Bàn phím cơ chế cắt kéo mới</h5>\r\n\r\n<p style=\"text-align:justify\">MacBook Air 2020 sở hữu bàn phím Magic Keyboard hoàn toàn mới, tương tự như bàn phím của MacBook Pro 16 inch. Cơ chế cắt kéo tinh tế với hành trình phím chỉ 1mm, mang đến trải nghiệm gõ cực nhạy, tốc độ nhanh, phản hồi tốt và rất yên tĩnh. Phím điều hướng mũi tên dạng chữ T đảo ngược giúp bạn thao tác nhanh hơn trong các bảng tính hay chơi game. Tất nhiên bàn phím cũng hỗ trợ đèn nền và các cảm biến ánh sáng để bạn làm việc hiệu quả hơn trong điều kiện thiếu sáng.</p>\r\n\r\n<h5 style=\"text-align:justify\">Bàn di chuột Force Touch rộng và nhạy</h5>\r\n\r\n<p style=\"text-align:justify\">Bàn di chuột Force Touch của MacBook Air 2020 là một trong những bàn chuột cảm ứng tốt nhất trên thế giới. Với khả năng cảm nhận lực tinh tế, bạn có thể tương tác với MacBook theo nhiều cách khác nhau. Khả năng phản hồi tuyệt vời, thao tác linh hoạt của Force Touch giúp bạn thao tác thoải mái ở bất cứ vị trí nào trên phần bàn di chuột cảm ứng. Chưa hết, diện tích rộng hơn 20% mang đến cho bạn nhiều không gian hơn, thao tác nhanh và dễ dàng hơn.</p>\r\n\r\n<h5 style=\"text-align:justify\">Touch ID, vân tay chính là mật khẩu của bạn</h5>\r\n\r\n<p style=\"text-align:justify\">Tính năng bảo mật cao cấp cảm biến vân tay Touch ID được tích hợp trên MacBook Air giúp cho bạn mở khóa nhanh hơn và bảo mật tốt hơn. Không chỉ là đăng nhập vào máy, Touch ID còn có thể bảo mật tài liệu, tập tin, cài đặt của bạn để tránh được những rủi ro thâm nhập. Touch ID cũng đóng vai trò bảo mật khi mua sắm bằng Apple Pay. Mọi thông tin cá nhân của bạn đều trở nên an toàn, riêng tư và dễ dàng truy cập chỉ với riêng bạn nhờ Touch ID.</p>\r\n\r\n<h5 style=\"text-align:justify\">Bộ vi xử lý bảo mật Apple T2</h5>\r\n\r\n<p style=\"text-align:justify\">Nền tảng bảo mật của MacBook Air 13 2020 trở nên an toàn hơn bao giờ hết nhờ bộ vi xử lý chuyên bảo mật Apple T2. Tất cả những thao tác liên quan đến bảo mật của bạn như Touch ID, thông tin thanh toán đều được mã hóa một cách tự động và an toàn ngay trên ổ cứng SSD.</p>\r\n\r\n<h5 style=\"text-align:justify\">Giải trí với loa ngoài lớn và webcam sắc nét</h5>\r\n\r\n<p style=\"text-align:justify\">Với những kỹ thuật tiên tiến hàng đầu, MacBook Air 13 2020 256GB mang đến trải nghiệm âm thanh tốt nhất từ trước đến nay. Loa ngoài Stereo mang đến dải âm trầm gấp đôi và âm lượng lớn hơn 25% cùng khả năng phát ra âm thanh nổi. Những bản nhạc hay bộ phim bạn xem sẽ trở nên sống động hơn bao giờ hết. Trong khi đó camera HD giúp bạn gọi FaceTime cho một hay cả nhóm bạn ở độ nét cao. Việc trang bị tới 3 micro cũng giúp khả năng thu âm của MacBook Air chính xác hơn, nâng cao chất lượng cuộc gọi và khả năng trò chuyện với Siri.</p>\r\n\r\n<h5 style=\"text-align:justify\">Cổng kết nối Thunderbolt 3 siêu tốc, một cho tất cả</h5>\r\n\r\n<p style=\"text-align:justify\">Cổng kết nối Thunderbolt 3 trên MacBook Air 13 2020 kết hợp băng thông tốc độ cao và tính linh hoạt của tiêu chuẩn USB Type-C để tạo ra kết nối nhanh chóng, tiện lợi nhất. Với hai cổng Thunderbolt 3, MacBook Air 2020 có thể truyền dữ liệu, sạc, xuất video ra màn hình độ phân giải tới 6K và tương thích với nhiều loại cáp, bộ chuyển đổi. Tốc độ băng thông lên tới 40Gb/s, gấp đôi Thunderbolt 2 cùng khả năng cắm được ở bất cứ chiều nào giúp Thunderbolt 3 đáp ứng hoàn hảo mọi nhu cầu của bạn.</p>\r\n\r\n<p style=\"text-align:justify\">&nbsp;</p>\r\n\r\n<p style=\"text-align:justify\">Giá sản phẩm trên Tiki đã bao gồm thuế theo luật hiện hành. Tuy nhiên tuỳ vào từng loại sản phẩm hoặc phương thức, địa chỉ giao hàng mà có thể phát sinh thêm chi phí khác như phí vận chuyển, phụ phí hàng cồng kềnh, ...</p>', 0, 50, 0, 0, '<ul>\r\n	<li>CPU : Intel, Core i3 10th-gen</li>\r\n	<li>RAM : 8 GB, LPDDR4</li>\r\n	<li>Ổ cứng : SSD, 256 GB</li>\r\n	<li>Màn hình : 13.3 inchs, 2560 x 1600 Pixels</li>\r\n	<li>Card màn hình : Intel Iris Plus Graphics, Tích hợp</li>\r\n	<li>Cổng kết nối : LAN : Không, WIFI : 802.11 ac</li>\r\n	<li>Hệ điều hành : Mac OS</li>\r\n	<li>Loại pin : 49.9 W h Li-Poly</li>\r\n</ul>'),
(12, 'LApTop Macbook Air 2020 - 13 Inchs', 'laptop-macbook-air-2020-13-inchs', 10000000, 10, 1, 0, 'ge72-6qd-665xvn_1.u579.d20161031.t152422.714517.jpg', 4, '2020-05-13 08:48:02', '2020-05-13 08:48:02', '<h5 style=\"text-align:justify\">Thiết kế cao cấp, thân thiện với môi trường</h5>\r\n\r\n<p style=\"text-align:justify\">Apple Macbook Air 2020 - 13 Inchs (i3-10th/ 8GB/ 256GB)&nbsp;được sản xuất hoàn toàn từ hợp kim nhôm do chính Apple tạo ra với điểm mạnh là vẻ đẹp cao cấp, cứng cáp và độ bền hoàn hảo. Không chỉ đẹp sang trọng, điểm đặc biệt trong thiết kế MacBook Air 13 còn đến từ nguồn gốc của chất liệu. Apple đã sử dụng 100% nhôm tái chế để tạo nên MacBook Air 2020, thay vì khai thác nguồn nhôm từ trái đất. Vật liệu tái chế được hoàn thiện ở mức nguyên tử, tạo nên một kiệt tác laptop, nhưng lại rất thân thiện với môi trường.</p>\r\n\r\n<h5 style=\"text-align:justify\">Màn hình Retina ấn tượng với 4 triệu điểm ảnh</h5>\r\n\r\n<p style=\"text-align:justify\">Với độ phân giải siêu cao 2560 x 1600 pixels, tương đương hơn 4 triệu điểm ảnh trên màn hình kích thước 13,3 inch, bạn sẽ được tận hưởng những hình ảnh vô cùng sắc nét. Chất lượng hình ảnh được nâng lên một tầm cao mới trong khi văn bản hiển thị cực kỳ rõ ràng. Màn hình MacBook Air 2020 hỗ trợ công nghệ True Tone, tự động điều chỉnh màu để phù hợp với môi trường, giúp cho hình ảnh luôn luôn chân thực và tự nhiên. Hình ảnh tràn viền, màu sắc chính xác và độ nét đáng kinh ngạc, tất cả tạo nên một màn hình laptop ấn tượng bậc nhất hiện nay.</p>\r\n\r\n<h5 style=\"text-align:justify\">Bộ vi xử lý Intel thế hệ thứ 10, sức mạnh vượt trội</h5>\r\n\r\n<p style=\"text-align:justify\">Bên trong chiếc máy có trọng lượng chỉ 1,27kg là một sức mạnh tuyệt vời. MacBook Air 13 2020 256GB mang trên mình bộ vi xử lý Intel Core i3 thế hệ thứ 10 với tốc độ 1,1GHz Turbo Boost lên tới 3,2GHz. So với phiên bản cùng phân khúc đời trước, MacBook Air 13 2020 có hiệu năng CPU nhanh hơn gấp 2 lần và đồ họa nhanh hơn tới 80%. Từ duyệt web, chơi game cho đến chỉnh sửa video, mọi thứ đều diễn ra nhanh chóng. Phiên bản SSD 256GB có bộ nhớ nhiều gấp đôi trước đây, mang đến nhiều không gian lưu trữ hơn, cho bạn không gian làm việc thoải mái hơn.</p>\r\n\r\n<h5 style=\"text-align:justify\">Bàn phím cơ chế cắt kéo mới</h5>\r\n\r\n<p style=\"text-align:justify\">MacBook Air 2020 sở hữu bàn phím Magic Keyboard hoàn toàn mới, tương tự như bàn phím của MacBook Pro 16 inch. Cơ chế cắt kéo tinh tế với hành trình phím chỉ 1mm, mang đến trải nghiệm gõ cực nhạy, tốc độ nhanh, phản hồi tốt và rất yên tĩnh. Phím điều hướng mũi tên dạng chữ T đảo ngược giúp bạn thao tác nhanh hơn trong các bảng tính hay chơi game. Tất nhiên bàn phím cũng hỗ trợ đèn nền và các cảm biến ánh sáng để bạn làm việc hiệu quả hơn trong điều kiện thiếu sáng.</p>\r\n\r\n<h5 style=\"text-align:justify\">Bàn di chuột Force Touch rộng và nhạy</h5>\r\n\r\n<p style=\"text-align:justify\">Bàn di chuột Force Touch của MacBook Air 2020 là một trong những bàn chuột cảm ứng tốt nhất trên thế giới. Với khả năng cảm nhận lực tinh tế, bạn có thể tương tác với MacBook theo nhiều cách khác nhau. Khả năng phản hồi tuyệt vời, thao tác linh hoạt của Force Touch giúp bạn thao tác thoải mái ở bất cứ vị trí nào trên phần bàn di chuột cảm ứng. Chưa hết, diện tích rộng hơn 20% mang đến cho bạn nhiều không gian hơn, thao tác nhanh và dễ dàng hơn.</p>\r\n\r\n<h5 style=\"text-align:justify\">Touch ID, vân tay chính là mật khẩu của bạn</h5>\r\n\r\n<p style=\"text-align:justify\">Tính năng bảo mật cao cấp cảm biến vân tay Touch ID được tích hợp trên MacBook Air giúp cho bạn mở khóa nhanh hơn và bảo mật tốt hơn. Không chỉ là đăng nhập vào máy, Touch ID còn có thể bảo mật tài liệu, tập tin, cài đặt của bạn để tránh được những rủi ro thâm nhập. Touch ID cũng đóng vai trò bảo mật khi mua sắm bằng Apple Pay. Mọi thông tin cá nhân của bạn đều trở nên an toàn, riêng tư và dễ dàng truy cập chỉ với riêng bạn nhờ Touch ID.</p>\r\n\r\n<h5 style=\"text-align:justify\">Bộ vi xử lý bảo mật Apple T2</h5>\r\n\r\n<p style=\"text-align:justify\">Nền tảng bảo mật của MacBook Air 13 2020 trở nên an toàn hơn bao giờ hết nhờ bộ vi xử lý chuyên bảo mật Apple T2. Tất cả những thao tác liên quan đến bảo mật của bạn như Touch ID, thông tin thanh toán đều được mã hóa một cách tự động và an toàn ngay trên ổ cứng SSD.</p>\r\n\r\n<h5 style=\"text-align:justify\">Giải trí với loa ngoài lớn và webcam sắc nét</h5>\r\n\r\n<p style=\"text-align:justify\">Với những kỹ thuật tiên tiến hàng đầu, MacBook Air 13 2020 256GB mang đến trải nghiệm âm thanh tốt nhất từ trước đến nay. Loa ngoài Stereo mang đến dải âm trầm gấp đôi và âm lượng lớn hơn 25% cùng khả năng phát ra âm thanh nổi. Những bản nhạc hay bộ phim bạn xem sẽ trở nên sống động hơn bao giờ hết. Trong khi đó camera HD giúp bạn gọi FaceTime cho một hay cả nhóm bạn ở độ nét cao. Việc trang bị tới 3 micro cũng giúp khả năng thu âm của MacBook Air chính xác hơn, nâng cao chất lượng cuộc gọi và khả năng trò chuyện với Siri.</p>\r\n\r\n<h5 style=\"text-align:justify\">Cổng kết nối Thunderbolt 3 siêu tốc, một cho tất cả</h5>\r\n\r\n<p style=\"text-align:justify\">Cổng kết nối Thunderbolt 3 trên MacBook Air 13 2020 kết hợp băng thông tốc độ cao và tính linh hoạt của tiêu chuẩn USB Type-C để tạo ra kết nối nhanh chóng, tiện lợi nhất. Với hai cổng Thunderbolt 3, MacBook Air 2020 có thể truyền dữ liệu, sạc, xuất video ra màn hình độ phân giải tới 6K và tương thích với nhiều loại cáp, bộ chuyển đổi. Tốc độ băng thông lên tới 40Gb/s, gấp đôi Thunderbolt 2 cùng khả năng cắm được ở bất cứ chiều nào giúp Thunderbolt 3 đáp ứng hoàn hảo mọi nhu cầu của bạn.</p>\r\n\r\n<p style=\"text-align:justify\">&nbsp;</p>\r\n\r\n<p style=\"text-align:justify\">Giá sản phẩm trên Tiki đã bao gồm thuế theo luật hiện hành. Tuy nhiên tuỳ vào từng loại sản phẩm hoặc phương thức, địa chỉ giao hàng mà có thể phát sinh thêm chi phí khác như phí vận chuyển, phụ phí hàng cồng kềnh, ...</p>', 0, 50, 0, 0, '<ul>\r\n	<li>CPU : Intel, Core i3 10th-gen</li>\r\n	<li>RAM : 8 GB, LPDDR4</li>\r\n	<li>Ổ cứng : SSD, 256 GB</li>\r\n	<li>Màn hình : 13.3 inchs, 2560 x 1600 Pixels</li>\r\n	<li>Card màn hình : Intel Iris Plus Graphics, Tích hợp</li>\r\n	<li>Cổng kết nối : LAN : Không, WIFI : 802.11 ac</li>\r\n	<li>Hệ điều hành : Mac OS</li>\r\n	<li>Loại pin : 49.9 W h Li-Poly</li>\r\n</ul>'),
(13, 'Laptop ASUS Zenbook UX434FAC-A6064T', 'laptop-asus-zenbook-ux434fac-a6064t', 20000000, 50, 1, 0, 'images (1).jpg', 4, '2020-05-13 08:50:06', '2020-05-13 08:50:06', '<h5 style=\"text-align:justify\">Thiết kế thanh lịch, bức phá mọi giới hạn</h5>\r\n\r\n<p style=\"text-align:justify\">Laptop ASUS Zenbook UX434FAC-A6064T (Core i5-10210U/ 8GB LPDDR3 2133MHz/ 512GB SSD M.2 PCIE/ 14 FUD IPS/ Win10)&nbsp;có thiết kế mới thanh lịch là một trong những mẫu máy tính xách tay 14 inch nhỏ gọn nhất thế giới được trang bị màn hình NanoEdge không viền ngoạn mục và ScreenPad 2.0 đột phá để bạn tự do khai phá sức mạnh sáng tạo. Lớp hoàn thiện vân kim loại đồng tâm lấy cảm hứng từ Zen đặc trưng trên nắp lưng cùng màu xanh hoàng gia danh giá, đặc biệt sự tương phản tươi mới của panel viền màu vàng hồng phía trên bàn phím đã tạo nên điểm nhấn và làm tôn lên những đường nét sang trọng đẳng cấp cho người sở hữu.</p>\r\n\r\n<p style=\"text-align:justify\"><img alt=\"\" src=\"https://salt.tikicdn.com/ts/tmp/03/cb/55/8e70d35e86c28beb2ede3b4789908581.jpg\" style=\"border-style:none; box-sizing:border-box; display:block; height:553px; margin:0px auto; max-width:100%; width:750px\" /></p>\r\n\r\n<p style=\"text-align:justify\"><img alt=\"\" src=\"https://salt.tikicdn.com/ts/tmp/ec/ab/38/6f3ed7d9fdefabef404cd557833b94ce.jpg\" style=\"border-style:none; box-sizing:border-box; display:block; height:556px; margin:0px auto; max-width:100%; width:750px\" /></p>\r\n\r\n<h5 style=\"text-align:justify\">Bản lề ErgoLift</h5>\r\n\r\n<p style=\"text-align:justify\">Mọi chiếc ZenBook đều đặt sự thoải mái của bạn là một trong những ưu tiên hàng đầu. ZenBook 14 nỗ lực vượt bậc với bản lề ErgoLift, một tuyệt tác kỹ thuật được thiết kế để tự động nâng bàn phím tới vị trí gõ thoải mái nhất. Nhưng đó chưa phải là tất cả: độ nâng được tính toán tỉ mỉ cũng cải thiện hiệu suất làm mát và hiệu suất âm thanh.</p>\r\n\r\n<p style=\"text-align:justify\"><img alt=\"\" src=\"https://salt.tikicdn.com/ts/tmp/a2/cc/e0/d2e0961cc9fb64e02a6ef12a8ff783d8.jpg\" style=\"border-style:none; box-sizing:border-box; display:block; height:480px; margin:0px auto; max-width:100%; width:750px\" /></p>\r\n\r\n<h5 style=\"text-align:justify\">Màn hình NanoEdge 14 inch</h5>\r\n\r\n<p style=\"text-align:justify\">Được thiết kế để mang đến cho bạn diện tích màn hình lớn hơn trong một không gian vật lý tiết kiệm hơn, thiết kế NanoEdge có viền mỏng hơn trên tất cả bốn cạnh để giúp hình ảnh trở nên đắm chìm tuyệt đối và đôi mắt ít bị sao lãng hơn. Màn hình này còn hỗ trợ công nghệ góc nhìn rộng, cho hình ảnh rõ nét ngay cả khi xem từ những góc nhìn hẹp nhất. ZenBook 14 được trang bị màn hình độ phân giải cao (1920 x 1080), rõ nét và trong trẻo giúp cho từng hình ảnh đều trở nên đẹp nhất với góc nhìn rộng, màu sắc chính xác và sống động.</p>\r\n\r\n<p style=\"text-align:justify\"><img alt=\"\" src=\"https://salt.tikicdn.com/ts/tmp/db/32/1b/061fd55e27a56e0d1f9b38153f670749.jpg\" style=\"border-style:none; box-sizing:border-box; display:block; height:465px; margin:0px auto; max-width:100%; width:750px\" /></p>\r\n\r\n<h5 style=\"text-align:justify\">Âm thanh sống động</h5>\r\n\r\n<p style=\"text-align:justify\">Để tạo nên công nghệ âm thanh ASUS SonicMaster thế hệ tiếp theo, đội ngũ Golden Ear của ASUS đã hợp tác với các chuyên gia về hệ thống âm thanh xe hơi và gia đình lừng danh, Harman Kardon. Sự kết hợp tùy chỉnh giữa phần cứng cao cấp – trong đó có công nghệ bộ khuếch đại thông minh mang lại âm thanh lớn hơn mà không bị méo tiếng – và phần mềm được thiết kế khéo léo để bảo đảm rằng ZenBook 14 đem đến cho bạn trải nghiệm âm thanh tuyệt đỉnh.</p>\r\n\r\n<h5 style=\"text-align:justify\">Hiệu năng không giới hạn</h5>\r\n\r\n<p style=\"text-align:justify\">Được thiết kế để truyền cảm hứng sáng tạo, ZenBook 14 không phải hy sinh bớt hiệu năng vì kích thước. Đây là mẫu máy được xây dựng để mang đến sức mạnh không giới hạn nhằm tối ưu trải nghiệm tác vụ máy tính khi di chuyển. Được trang bị bộ vi xử lý Intel Core, card đồ họa Intel UHD Graphics mới nhất cùng với hàng loạt các linh kiện hiệu năng cao và chất lượng cao, ZenBook 14 sẽ không bao giờ để bạn phải chờ đợi. Dù bạn đang soạn lập tài liệu phức tạp, xử lí dữ liệu, chỉnh sửa ảnh hay biên tập video, ZenBook 14 đều cho phép bạn làm được nhiều hơn và nhanh hơn.</p>\r\n\r\n<h5 style=\"text-align:justify\">ScreenPad 2.0 hiện đại</h5>\r\n\r\n<p style=\"text-align:justify\">Điểm đặc biệt của dòng laptop ASUS Zenbook này chính là ScreenPad 2.0 – một màn hình phụ nhỏ ngay bàn phím hiển thị một cách thông minh nhiều ứng dụng vào màn hình cảm ứng 5.65 inch và bạn có thể thêm ứng dụng vào ScreenPad để truy cập tức thời một cách dễ dàng. Trải nghiệm ScreenPad được tối ưu hóa bảo đảm rằng các ứng dụng ưa thích của bạn, ví dụ như Evernote và Spotify sẽ hoạt động hoàn hảo trên màn hình phụ này ngay lập tức mà không cần phiên bản dành riêng cho ScreenPad.</p>\r\n\r\n<p style=\"text-align:justify\">ScreenPad 2.0 mới nâng cấp trải nghiệm máy tính xách tay truyền thống, thêm màn hình cảm ứng thứ cấp tương tác giúp nâng cao năng suất của bạn với nhiều khả năng hơn. Giao diện giống như điện thoại thông minh trực quan của nó cho phép bạn dễ dàng quản lý các tác vụ và tạo quy trình làm việc đa nhiệm liền mạch của riêng bạn. Có một loạt các ứng dụng tiện ích ASUS tiện dụng để tăng năng suất bao gồm Quick Key - để tự động hóa một chạm của các chuỗi bàn phím phức tạp - cùng với Chữ viết tay, Phím số và Office Xpert. Ngoài ra còn có các điều khiển nhanh hữu ích giúp cải thiện sự tương tác giữa màn hình chính và ScreenPad.</p>\r\n\r\n<h5 style=\"text-align:justify\">Kết nối tốc độ cao với thế giới</h5>\r\n\r\n<p style=\"text-align:justify\">Hãy bước ra khỏi bàn làm việc cố định để vươn tới tương lai – dù bạn ở nhà, trong một quán cà phê hay tại sân bay – văn phòng làm việc là bất cứ nơi đâu bạn chọn. Intel Wi-Fi 6 với Gig+ (802.11ax) đem đến tốc độ mạng siêu nhanh để giúp truyền các tệp lớn nhanh hơn, bảo đảm độ trễ thấp khi chơi game trực tuyến cũng như trò chuyện video siêu mượt.</p>\r\n\r\n<h5 style=\"text-align:justify\">Hệ điều hành Windows 10 bản quyền</h5>\r\n\r\n<p style=\"text-align:justify\">Hệ điều hành Win 10 Home được tích hợp sẵn trong máy hỗ trợ người dùng rất nhiều chức năng ở các dòng hệ điều hành từ Win 7 trở về trước không có. Với Windows 10 người dùng đươc cập nhật liên tục về các thông tin thời tiết, chứng khoán, giá cả bằng các ứng dụng tích hợp sẵn của hệ điều hành.</p>\r\n\r\n<p style=\"text-align:justify\">Giá sản phẩm trên Tiki đã bao gồm thuế theo luật hiện hành. Tuy nhiên tuỳ vào từng loại sản phẩm hoặc phương thức, địa chỉ giao hàng mà có thể phát sinh thêm chi phí khác như phí vận chuyển, phụ phí hàng cồng kềnh, ...</p>', 0, 50, 0, 0, '<ul>\r\n	<li>CPU: Intel Core i5-10210U 1.6GHz up to 4.2GHz 6MB</li>\r\n	<li>RAM: 8GB LPDDR3 2133MHz (Onboard)</li>\r\n	<li>Ổ cứng: 512GB SSD M.2 PCIE G3X2</li>\r\n	<li>Card đồ họa: Intel UHD Graphics</li>\r\n	<li>Màn hình: 14\" FHD (1920 x 1080) IPS, NanoEdge, 72% NTSC, 100% sRGB, 300nits</li>\r\n	<li>ScreenPad: 5.65” FHD+ (2160 x 1080) Super IPS Display, 178˚ Wide-view</li>\r\n	<li>Hệ điều hành: Windows 10 Home</li>\r\n	<li>Pin: 3 Cell 50WHr Lithium-Polymer</li>\r\n</ul>'),
(14, 'Laptop ASUS Zenbook UX434FAC-A60', 'laptop-asus-zenbook-ux434fac-a60', 40000000, 40, 1, 0, 'images.jpg', 4, '2020-05-13 08:51:47', '2020-05-13 08:51:47', '<h5 style=\"text-align:justify\">Thiết kế thanh lịch, bức phá mọi giới hạn</h5>\r\n\r\n<p style=\"text-align:justify\">Laptop ASUS Zenbook UX434FAC-A6064T (Core i5-10210U/ 8GB LPDDR3 2133MHz/ 512GB SSD M.2 PCIE/ 14 FUD IPS/ Win10)&nbsp;có thiết kế mới thanh lịch là một trong những mẫu máy tính xách tay 14 inch nhỏ gọn nhất thế giới được trang bị màn hình NanoEdge không viền ngoạn mục và ScreenPad 2.0 đột phá để bạn tự do khai phá sức mạnh sáng tạo. Lớp hoàn thiện vân kim loại đồng tâm lấy cảm hứng từ Zen đặc trưng trên nắp lưng cùng màu xanh hoàng gia danh giá, đặc biệt sự tương phản tươi mới của panel viền màu vàng hồng phía trên bàn phím đã tạo nên điểm nhấn và làm tôn lên những đường nét sang trọng đẳng cấp cho người sở hữu.</p>\r\n\r\n<p style=\"text-align:justify\"><img alt=\"\" src=\"https://salt.tikicdn.com/ts/tmp/03/cb/55/8e70d35e86c28beb2ede3b4789908581.jpg\" style=\"border-style:none; box-sizing:border-box; display:block; height:553px; margin:0px auto; max-width:100%; width:750px\" /></p>\r\n\r\n<p style=\"text-align:justify\"><img alt=\"\" src=\"https://salt.tikicdn.com/ts/tmp/ec/ab/38/6f3ed7d9fdefabef404cd557833b94ce.jpg\" style=\"border-style:none; box-sizing:border-box; display:block; height:556px; margin:0px auto; max-width:100%; width:750px\" /></p>\r\n\r\n<h5 style=\"text-align:justify\">Bản lề ErgoLift</h5>\r\n\r\n<p style=\"text-align:justify\">Mọi chiếc ZenBook đều đặt sự thoải mái của bạn là một trong những ưu tiên hàng đầu. ZenBook 14 nỗ lực vượt bậc với bản lề ErgoLift, một tuyệt tác kỹ thuật được thiết kế để tự động nâng bàn phím tới vị trí gõ thoải mái nhất. Nhưng đó chưa phải là tất cả: độ nâng được tính toán tỉ mỉ cũng cải thiện hiệu suất làm mát và hiệu suất âm thanh.</p>\r\n\r\n<p style=\"text-align:justify\"><img alt=\"\" src=\"https://salt.tikicdn.com/ts/tmp/a2/cc/e0/d2e0961cc9fb64e02a6ef12a8ff783d8.jpg\" style=\"border-style:none; box-sizing:border-box; display:block; height:480px; margin:0px auto; max-width:100%; width:750px\" /></p>\r\n\r\n<h5 style=\"text-align:justify\">Màn hình NanoEdge 14 inch</h5>\r\n\r\n<p style=\"text-align:justify\">Được thiết kế để mang đến cho bạn diện tích màn hình lớn hơn trong một không gian vật lý tiết kiệm hơn, thiết kế NanoEdge có viền mỏng hơn trên tất cả bốn cạnh để giúp hình ảnh trở nên đắm chìm tuyệt đối và đôi mắt ít bị sao lãng hơn. Màn hình này còn hỗ trợ công nghệ góc nhìn rộng, cho hình ảnh rõ nét ngay cả khi xem từ những góc nhìn hẹp nhất. ZenBook 14 được trang bị màn hình độ phân giải cao (1920 x 1080), rõ nét và trong trẻo giúp cho từng hình ảnh đều trở nên đẹp nhất với góc nhìn rộng, màu sắc chính xác và sống động.</p>\r\n\r\n<p style=\"text-align:justify\"><img alt=\"\" src=\"https://salt.tikicdn.com/ts/tmp/db/32/1b/061fd55e27a56e0d1f9b38153f670749.jpg\" style=\"border-style:none; box-sizing:border-box; display:block; height:465px; margin:0px auto; max-width:100%; width:750px\" /></p>\r\n\r\n<h5 style=\"text-align:justify\">Âm thanh sống động</h5>\r\n\r\n<p style=\"text-align:justify\">Để tạo nên công nghệ âm thanh ASUS SonicMaster thế hệ tiếp theo, đội ngũ Golden Ear của ASUS đã hợp tác với các chuyên gia về hệ thống âm thanh xe hơi và gia đình lừng danh, Harman Kardon. Sự kết hợp tùy chỉnh giữa phần cứng cao cấp – trong đó có công nghệ bộ khuếch đại thông minh mang lại âm thanh lớn hơn mà không bị méo tiếng – và phần mềm được thiết kế khéo léo để bảo đảm rằng ZenBook 14 đem đến cho bạn trải nghiệm âm thanh tuyệt đỉnh.</p>\r\n\r\n<h5 style=\"text-align:justify\">Hiệu năng không giới hạn</h5>\r\n\r\n<p style=\"text-align:justify\">Được thiết kế để truyền cảm hứng sáng tạo, ZenBook 14 không phải hy sinh bớt hiệu năng vì kích thước. Đây là mẫu máy được xây dựng để mang đến sức mạnh không giới hạn nhằm tối ưu trải nghiệm tác vụ máy tính khi di chuyển. Được trang bị bộ vi xử lý Intel Core, card đồ họa Intel UHD Graphics mới nhất cùng với hàng loạt các linh kiện hiệu năng cao và chất lượng cao, ZenBook 14 sẽ không bao giờ để bạn phải chờ đợi. Dù bạn đang soạn lập tài liệu phức tạp, xử lí dữ liệu, chỉnh sửa ảnh hay biên tập video, ZenBook 14 đều cho phép bạn làm được nhiều hơn và nhanh hơn.</p>\r\n\r\n<h5 style=\"text-align:justify\">ScreenPad 2.0 hiện đại</h5>\r\n\r\n<p style=\"text-align:justify\">Điểm đặc biệt của dòng laptop ASUS Zenbook này chính là ScreenPad 2.0 – một màn hình phụ nhỏ ngay bàn phím hiển thị một cách thông minh nhiều ứng dụng vào màn hình cảm ứng 5.65 inch và bạn có thể thêm ứng dụng vào ScreenPad để truy cập tức thời một cách dễ dàng. Trải nghiệm ScreenPad được tối ưu hóa bảo đảm rằng các ứng dụng ưa thích của bạn, ví dụ như Evernote và Spotify sẽ hoạt động hoàn hảo trên màn hình phụ này ngay lập tức mà không cần phiên bản dành riêng cho ScreenPad.</p>\r\n\r\n<p style=\"text-align:justify\">ScreenPad 2.0 mới nâng cấp trải nghiệm máy tính xách tay truyền thống, thêm màn hình cảm ứng thứ cấp tương tác giúp nâng cao năng suất của bạn với nhiều khả năng hơn. Giao diện giống như điện thoại thông minh trực quan của nó cho phép bạn dễ dàng quản lý các tác vụ và tạo quy trình làm việc đa nhiệm liền mạch của riêng bạn. Có một loạt các ứng dụng tiện ích ASUS tiện dụng để tăng năng suất bao gồm Quick Key - để tự động hóa một chạm của các chuỗi bàn phím phức tạp - cùng với Chữ viết tay, Phím số và Office Xpert. Ngoài ra còn có các điều khiển nhanh hữu ích giúp cải thiện sự tương tác giữa màn hình chính và ScreenPad.</p>\r\n\r\n<h5 style=\"text-align:justify\">Kết nối tốc độ cao với thế giới</h5>\r\n\r\n<p style=\"text-align:justify\">Hãy bước ra khỏi bàn làm việc cố định để vươn tới tương lai – dù bạn ở nhà, trong một quán cà phê hay tại sân bay – văn phòng làm việc là bất cứ nơi đâu bạn chọn. Intel Wi-Fi 6 với Gig+ (802.11ax) đem đến tốc độ mạng siêu nhanh để giúp truyền các tệp lớn nhanh hơn, bảo đảm độ trễ thấp khi chơi game trực tuyến cũng như trò chuyện video siêu mượt.</p>\r\n\r\n<h5 style=\"text-align:justify\">Hệ điều hành Windows 10 bản quyền</h5>\r\n\r\n<p style=\"text-align:justify\">Hệ điều hành Win 10 Home được tích hợp sẵn trong máy hỗ trợ người dùng rất nhiều chức năng ở các dòng hệ điều hành từ Win 7 trở về trước không có. Với Windows 10 người dùng đươc cập nhật liên tục về các thông tin thời tiết, chứng khoán, giá cả bằng các ứng dụng tích hợp sẵn của hệ điều hành.</p>\r\n\r\n<p style=\"text-align:justify\">Giá sản phẩm trên Tiki đã bao gồm thuế theo luật hiện hành. Tuy nhiên tuỳ vào từng loại sản phẩm hoặc phương thức, địa chỉ giao hàng mà có thể phát sinh thêm chi phí khác như phí vận chuyển, phụ phí hàng cồng kềnh, ...</p>', 0, 50, 0, 0, '<ul>\r\n	<li>CPU: Intel Core i5-10210U 1.6GHz up to 4.2GHz 6MB</li>\r\n	<li>RAM: 8GB LPDDR3 2133MHz (Onboard)</li>\r\n	<li>Ổ cứng: 512GB SSD M.2 PCIE G3X2</li>\r\n	<li>Card đồ họa: Intel UHD Graphics</li>\r\n	<li>Màn hình: 14\" FHD (1920 x 1080) IPS, NanoEdge, 72% NTSC, 100% sRGB, 300nits</li>\r\n	<li>ScreenPad: 5.65” FHD+ (2160 x 1080) Super IPS Display, 178˚ Wide-view</li>\r\n	<li>Hệ điều hành: Windows 10 Home</li>\r\n	<li>Pin: 3 Cell 50WHr Lithium-Polymer</li>\r\n</ul>');
INSERT INTO `products` (`id`, `name`, `alias`, `price`, `pro_sale`, `pro_active`, `pro_hot`, `image`, `cate_id`, `created_at`, `updated_at`, `pro_content`, `pro_pay`, `pro_number`, `pro_total_rating`, `pro_total_number`, `description`) VALUES
(15, 'Laptop ASUS Zenbook UX434FAC', 'laptop-asus-zenbook-ux434fac', 12000000, 25, 1, 0, 'laptop-dell-vostro-3578-ngmpf21-core-i5-8250uwin10-156-hd-ti-tiki-300x300.jpg', 4, '2020-05-13 08:53:13', '2020-05-13 08:53:13', '<h5 style=\"text-align:justify\">Thiết kế thanh lịch, bức phá mọi giới hạn</h5>\r\n\r\n<p style=\"text-align:justify\">Laptop ASUS Zenbook UX434FAC-A6064T (Core i5-10210U/ 8GB LPDDR3 2133MHz/ 512GB SSD M.2 PCIE/ 14 FUD IPS/ Win10)&nbsp;có thiết kế mới thanh lịch là một trong những mẫu máy tính xách tay 14 inch nhỏ gọn nhất thế giới được trang bị màn hình NanoEdge không viền ngoạn mục và ScreenPad 2.0 đột phá để bạn tự do khai phá sức mạnh sáng tạo. Lớp hoàn thiện vân kim loại đồng tâm lấy cảm hứng từ Zen đặc trưng trên nắp lưng cùng màu xanh hoàng gia danh giá, đặc biệt sự tương phản tươi mới của panel viền màu vàng hồng phía trên bàn phím đã tạo nên điểm nhấn và làm tôn lên những đường nét sang trọng đẳng cấp cho người sở hữu.</p>\r\n\r\n<p style=\"text-align:justify\"><img alt=\"\" src=\"https://salt.tikicdn.com/ts/tmp/03/cb/55/8e70d35e86c28beb2ede3b4789908581.jpg\" style=\"border-style:none; box-sizing:border-box; display:block; height:553px; margin:0px auto; max-width:100%; width:750px\" /></p>\r\n\r\n<p style=\"text-align:justify\"><img alt=\"\" src=\"https://salt.tikicdn.com/ts/tmp/ec/ab/38/6f3ed7d9fdefabef404cd557833b94ce.jpg\" style=\"border-style:none; box-sizing:border-box; display:block; height:556px; margin:0px auto; max-width:100%; width:750px\" /></p>\r\n\r\n<h5 style=\"text-align:justify\">Bản lề ErgoLift</h5>\r\n\r\n<p style=\"text-align:justify\">Mọi chiếc ZenBook đều đặt sự thoải mái của bạn là một trong những ưu tiên hàng đầu. ZenBook 14 nỗ lực vượt bậc với bản lề ErgoLift, một tuyệt tác kỹ thuật được thiết kế để tự động nâng bàn phím tới vị trí gõ thoải mái nhất. Nhưng đó chưa phải là tất cả: độ nâng được tính toán tỉ mỉ cũng cải thiện hiệu suất làm mát và hiệu suất âm thanh.</p>\r\n\r\n<p style=\"text-align:justify\"><img alt=\"\" src=\"https://salt.tikicdn.com/ts/tmp/a2/cc/e0/d2e0961cc9fb64e02a6ef12a8ff783d8.jpg\" style=\"border-style:none; box-sizing:border-box; display:block; height:480px; margin:0px auto; max-width:100%; width:750px\" /></p>\r\n\r\n<h5 style=\"text-align:justify\">Màn hình NanoEdge 14 inch</h5>\r\n\r\n<p style=\"text-align:justify\">Được thiết kế để mang đến cho bạn diện tích màn hình lớn hơn trong một không gian vật lý tiết kiệm hơn, thiết kế NanoEdge có viền mỏng hơn trên tất cả bốn cạnh để giúp hình ảnh trở nên đắm chìm tuyệt đối và đôi mắt ít bị sao lãng hơn. Màn hình này còn hỗ trợ công nghệ góc nhìn rộng, cho hình ảnh rõ nét ngay cả khi xem từ những góc nhìn hẹp nhất. ZenBook 14 được trang bị màn hình độ phân giải cao (1920 x 1080), rõ nét và trong trẻo giúp cho từng hình ảnh đều trở nên đẹp nhất với góc nhìn rộng, màu sắc chính xác và sống động.</p>\r\n\r\n<p style=\"text-align:justify\"><img alt=\"\" src=\"https://salt.tikicdn.com/ts/tmp/db/32/1b/061fd55e27a56e0d1f9b38153f670749.jpg\" style=\"border-style:none; box-sizing:border-box; display:block; height:465px; margin:0px auto; max-width:100%; width:750px\" /></p>\r\n\r\n<h5 style=\"text-align:justify\">Âm thanh sống động</h5>\r\n\r\n<p style=\"text-align:justify\">Để tạo nên công nghệ âm thanh ASUS SonicMaster thế hệ tiếp theo, đội ngũ Golden Ear của ASUS đã hợp tác với các chuyên gia về hệ thống âm thanh xe hơi và gia đình lừng danh, Harman Kardon. Sự kết hợp tùy chỉnh giữa phần cứng cao cấp – trong đó có công nghệ bộ khuếch đại thông minh mang lại âm thanh lớn hơn mà không bị méo tiếng – và phần mềm được thiết kế khéo léo để bảo đảm rằng ZenBook 14 đem đến cho bạn trải nghiệm âm thanh tuyệt đỉnh.</p>\r\n\r\n<h5 style=\"text-align:justify\">Hiệu năng không giới hạn</h5>\r\n\r\n<p style=\"text-align:justify\">Được thiết kế để truyền cảm hứng sáng tạo, ZenBook 14 không phải hy sinh bớt hiệu năng vì kích thước. Đây là mẫu máy được xây dựng để mang đến sức mạnh không giới hạn nhằm tối ưu trải nghiệm tác vụ máy tính khi di chuyển. Được trang bị bộ vi xử lý Intel Core, card đồ họa Intel UHD Graphics mới nhất cùng với hàng loạt các linh kiện hiệu năng cao và chất lượng cao, ZenBook 14 sẽ không bao giờ để bạn phải chờ đợi. Dù bạn đang soạn lập tài liệu phức tạp, xử lí dữ liệu, chỉnh sửa ảnh hay biên tập video, ZenBook 14 đều cho phép bạn làm được nhiều hơn và nhanh hơn.</p>\r\n\r\n<h5 style=\"text-align:justify\">ScreenPad 2.0 hiện đại</h5>\r\n\r\n<p style=\"text-align:justify\">Điểm đặc biệt của dòng laptop ASUS Zenbook này chính là ScreenPad 2.0 – một màn hình phụ nhỏ ngay bàn phím hiển thị một cách thông minh nhiều ứng dụng vào màn hình cảm ứng 5.65 inch và bạn có thể thêm ứng dụng vào ScreenPad để truy cập tức thời một cách dễ dàng. Trải nghiệm ScreenPad được tối ưu hóa bảo đảm rằng các ứng dụng ưa thích của bạn, ví dụ như Evernote và Spotify sẽ hoạt động hoàn hảo trên màn hình phụ này ngay lập tức mà không cần phiên bản dành riêng cho ScreenPad.</p>\r\n\r\n<p style=\"text-align:justify\">ScreenPad 2.0 mới nâng cấp trải nghiệm máy tính xách tay truyền thống, thêm màn hình cảm ứng thứ cấp tương tác giúp nâng cao năng suất của bạn với nhiều khả năng hơn. Giao diện giống như điện thoại thông minh trực quan của nó cho phép bạn dễ dàng quản lý các tác vụ và tạo quy trình làm việc đa nhiệm liền mạch của riêng bạn. Có một loạt các ứng dụng tiện ích ASUS tiện dụng để tăng năng suất bao gồm Quick Key - để tự động hóa một chạm của các chuỗi bàn phím phức tạp - cùng với Chữ viết tay, Phím số và Office Xpert. Ngoài ra còn có các điều khiển nhanh hữu ích giúp cải thiện sự tương tác giữa màn hình chính và ScreenPad.</p>\r\n\r\n<h5 style=\"text-align:justify\">Kết nối tốc độ cao với thế giới</h5>\r\n\r\n<p style=\"text-align:justify\">Hãy bước ra khỏi bàn làm việc cố định để vươn tới tương lai – dù bạn ở nhà, trong một quán cà phê hay tại sân bay – văn phòng làm việc là bất cứ nơi đâu bạn chọn. Intel Wi-Fi 6 với Gig+ (802.11ax) đem đến tốc độ mạng siêu nhanh để giúp truyền các tệp lớn nhanh hơn, bảo đảm độ trễ thấp khi chơi game trực tuyến cũng như trò chuyện video siêu mượt.</p>\r\n\r\n<h5 style=\"text-align:justify\">Hệ điều hành Windows 10 bản quyền</h5>\r\n\r\n<p style=\"text-align:justify\">Hệ điều hành Win 10 Home được tích hợp sẵn trong máy hỗ trợ người dùng rất nhiều chức năng ở các dòng hệ điều hành từ Win 7 trở về trước không có. Với Windows 10 người dùng đươc cập nhật liên tục về các thông tin thời tiết, chứng khoán, giá cả bằng các ứng dụng tích hợp sẵn của hệ điều hành.</p>\r\n\r\n<p style=\"text-align:justify\">Giá sản phẩm trên Tiki đã bao gồm thuế theo luật hiện hành. Tuy nhiên tuỳ vào từng loại sản phẩm hoặc phương thức, địa chỉ giao hàng mà có thể phát sinh thêm chi phí khác như phí vận chuyển, phụ phí hàng cồng kềnh, ...</p>', 0, 50, 0, 0, '<ul>\r\n	<li>CPU: Intel Core i5-10210U 1.6GHz up to 4.2GHz 6MB</li>\r\n	<li>RAM: 8GB LPDDR3 2133MHz (Onboard)</li>\r\n	<li>Ổ cứng: 512GB SSD M.2 PCIE G3X2</li>\r\n	<li>Card đồ họa: Intel UHD Graphics</li>\r\n	<li>Màn hình: 14\" FHD (1920 x 1080) IPS, NanoEdge, 72% NTSC, 100% sRGB, 300nits</li>\r\n	<li>ScreenPad: 5.65” FHD+ (2160 x 1080) Super IPS Display, 178˚ Wide-view</li>\r\n	<li>Hệ điều hành: Windows 10 Home</li>\r\n	<li>Pin: 3 Cell 50WHr Lithium-Polymer</li>\r\n</ul>'),
(16, 'Laptop ASUS Zenbook UX434FAC-A6064T67', 'laptop-asus-zenbook-ux434fac-a6064t67', 15000000, 45, 1, 0, 'xu-huong-chon-mua-laptop-01.jpg', 4, '2020-05-13 08:54:39', '2020-05-13 08:54:39', '<h5 style=\"text-align:justify\">Thiết kế thanh lịch, bức phá mọi giới hạn</h5>\r\n\r\n<p style=\"text-align:justify\">Laptop ASUS Zenbook UX434FAC-A6064T (Core i5-10210U/ 8GB LPDDR3 2133MHz/ 512GB SSD M.2 PCIE/ 14 FUD IPS/ Win10)&nbsp;có thiết kế mới thanh lịch là một trong những mẫu máy tính xách tay 14 inch nhỏ gọn nhất thế giới được trang bị màn hình NanoEdge không viền ngoạn mục và ScreenPad 2.0 đột phá để bạn tự do khai phá sức mạnh sáng tạo. Lớp hoàn thiện vân kim loại đồng tâm lấy cảm hứng từ Zen đặc trưng trên nắp lưng cùng màu xanh hoàng gia danh giá, đặc biệt sự tương phản tươi mới của panel viền màu vàng hồng phía trên bàn phím đã tạo nên điểm nhấn và làm tôn lên những đường nét sang trọng đẳng cấp cho người sở hữu.</p>\r\n\r\n<p style=\"text-align:justify\"><img alt=\"\" src=\"https://salt.tikicdn.com/ts/tmp/03/cb/55/8e70d35e86c28beb2ede3b4789908581.jpg\" style=\"border-style:none; box-sizing:border-box; display:block; height:553px; margin:0px auto; max-width:100%; width:750px\" /></p>\r\n\r\n<p style=\"text-align:justify\"><img alt=\"\" src=\"https://salt.tikicdn.com/ts/tmp/ec/ab/38/6f3ed7d9fdefabef404cd557833b94ce.jpg\" style=\"border-style:none; box-sizing:border-box; display:block; height:556px; margin:0px auto; max-width:100%; width:750px\" /></p>\r\n\r\n<h5 style=\"text-align:justify\">Bản lề ErgoLift</h5>\r\n\r\n<p style=\"text-align:justify\">Mọi chiếc ZenBook đều đặt sự thoải mái của bạn là một trong những ưu tiên hàng đầu. ZenBook 14 nỗ lực vượt bậc với bản lề ErgoLift, một tuyệt tác kỹ thuật được thiết kế để tự động nâng bàn phím tới vị trí gõ thoải mái nhất. Nhưng đó chưa phải là tất cả: độ nâng được tính toán tỉ mỉ cũng cải thiện hiệu suất làm mát và hiệu suất âm thanh.</p>\r\n\r\n<p style=\"text-align:justify\"><img alt=\"\" src=\"https://salt.tikicdn.com/ts/tmp/a2/cc/e0/d2e0961cc9fb64e02a6ef12a8ff783d8.jpg\" style=\"border-style:none; box-sizing:border-box; display:block; height:480px; margin:0px auto; max-width:100%; width:750px\" /></p>\r\n\r\n<h5 style=\"text-align:justify\">Màn hình NanoEdge 14 inch</h5>\r\n\r\n<p style=\"text-align:justify\">Được thiết kế để mang đến cho bạn diện tích màn hình lớn hơn trong một không gian vật lý tiết kiệm hơn, thiết kế NanoEdge có viền mỏng hơn trên tất cả bốn cạnh để giúp hình ảnh trở nên đắm chìm tuyệt đối và đôi mắt ít bị sao lãng hơn. Màn hình này còn hỗ trợ công nghệ góc nhìn rộng, cho hình ảnh rõ nét ngay cả khi xem từ những góc nhìn hẹp nhất. ZenBook 14 được trang bị màn hình độ phân giải cao (1920 x 1080), rõ nét và trong trẻo giúp cho từng hình ảnh đều trở nên đẹp nhất với góc nhìn rộng, màu sắc chính xác và sống động.</p>\r\n\r\n<p style=\"text-align:justify\"><img alt=\"\" src=\"https://salt.tikicdn.com/ts/tmp/db/32/1b/061fd55e27a56e0d1f9b38153f670749.jpg\" style=\"border-style:none; box-sizing:border-box; display:block; height:465px; margin:0px auto; max-width:100%; width:750px\" /></p>\r\n\r\n<h5 style=\"text-align:justify\">Âm thanh sống động</h5>\r\n\r\n<p style=\"text-align:justify\">Để tạo nên công nghệ âm thanh ASUS SonicMaster thế hệ tiếp theo, đội ngũ Golden Ear của ASUS đã hợp tác với các chuyên gia về hệ thống âm thanh xe hơi và gia đình lừng danh, Harman Kardon. Sự kết hợp tùy chỉnh giữa phần cứng cao cấp – trong đó có công nghệ bộ khuếch đại thông minh mang lại âm thanh lớn hơn mà không bị méo tiếng – và phần mềm được thiết kế khéo léo để bảo đảm rằng ZenBook 14 đem đến cho bạn trải nghiệm âm thanh tuyệt đỉnh.</p>\r\n\r\n<h5 style=\"text-align:justify\">Hiệu năng không giới hạn</h5>\r\n\r\n<p style=\"text-align:justify\">Được thiết kế để truyền cảm hứng sáng tạo, ZenBook 14 không phải hy sinh bớt hiệu năng vì kích thước. Đây là mẫu máy được xây dựng để mang đến sức mạnh không giới hạn nhằm tối ưu trải nghiệm tác vụ máy tính khi di chuyển. Được trang bị bộ vi xử lý Intel Core, card đồ họa Intel UHD Graphics mới nhất cùng với hàng loạt các linh kiện hiệu năng cao và chất lượng cao, ZenBook 14 sẽ không bao giờ để bạn phải chờ đợi. Dù bạn đang soạn lập tài liệu phức tạp, xử lí dữ liệu, chỉnh sửa ảnh hay biên tập video, ZenBook 14 đều cho phép bạn làm được nhiều hơn và nhanh hơn.</p>\r\n\r\n<h5 style=\"text-align:justify\">ScreenPad 2.0 hiện đại</h5>\r\n\r\n<p style=\"text-align:justify\">Điểm đặc biệt của dòng laptop ASUS Zenbook này chính là ScreenPad 2.0 – một màn hình phụ nhỏ ngay bàn phím hiển thị một cách thông minh nhiều ứng dụng vào màn hình cảm ứng 5.65 inch và bạn có thể thêm ứng dụng vào ScreenPad để truy cập tức thời một cách dễ dàng. Trải nghiệm ScreenPad được tối ưu hóa bảo đảm rằng các ứng dụng ưa thích của bạn, ví dụ như Evernote và Spotify sẽ hoạt động hoàn hảo trên màn hình phụ này ngay lập tức mà không cần phiên bản dành riêng cho ScreenPad.</p>\r\n\r\n<p style=\"text-align:justify\">ScreenPad 2.0 mới nâng cấp trải nghiệm máy tính xách tay truyền thống, thêm màn hình cảm ứng thứ cấp tương tác giúp nâng cao năng suất của bạn với nhiều khả năng hơn. Giao diện giống như điện thoại thông minh trực quan của nó cho phép bạn dễ dàng quản lý các tác vụ và tạo quy trình làm việc đa nhiệm liền mạch của riêng bạn. Có một loạt các ứng dụng tiện ích ASUS tiện dụng để tăng năng suất bao gồm Quick Key - để tự động hóa một chạm của các chuỗi bàn phím phức tạp - cùng với Chữ viết tay, Phím số và Office Xpert. Ngoài ra còn có các điều khiển nhanh hữu ích giúp cải thiện sự tương tác giữa màn hình chính và ScreenPad.</p>\r\n\r\n<h5 style=\"text-align:justify\">Kết nối tốc độ cao với thế giới</h5>\r\n\r\n<p style=\"text-align:justify\">Hãy bước ra khỏi bàn làm việc cố định để vươn tới tương lai – dù bạn ở nhà, trong một quán cà phê hay tại sân bay – văn phòng làm việc là bất cứ nơi đâu bạn chọn. Intel Wi-Fi 6 với Gig+ (802.11ax) đem đến tốc độ mạng siêu nhanh để giúp truyền các tệp lớn nhanh hơn, bảo đảm độ trễ thấp khi chơi game trực tuyến cũng như trò chuyện video siêu mượt.</p>\r\n\r\n<h5 style=\"text-align:justify\">Hệ điều hành Windows 10 bản quyền</h5>\r\n\r\n<p style=\"text-align:justify\">Hệ điều hành Win 10 Home được tích hợp sẵn trong máy hỗ trợ người dùng rất nhiều chức năng ở các dòng hệ điều hành từ Win 7 trở về trước không có. Với Windows 10 người dùng đươc cập nhật liên tục về các thông tin thời tiết, chứng khoán, giá cả bằng các ứng dụng tích hợp sẵn của hệ điều hành.</p>\r\n\r\n<p style=\"text-align:justify\">Giá sản phẩm trên Tiki đã bao gồm thuế theo luật hiện hành. Tuy nhiên tuỳ vào từng loại sản phẩm hoặc phương thức, địa chỉ giao hàng mà có thể phát sinh thêm chi phí khác như phí vận chuyển, phụ phí hàng cồng kềnh, ...</p>', 0, 50, 0, 0, '<ul>\r\n	<li>CPU: Intel Core i5-10210U 1.6GHz up to 4.2GHz 6MB</li>\r\n	<li>RAM: 8GB LPDDR3 2133MHz (Onboard)</li>\r\n	<li>Ổ cứng: 512GB SSD M.2 PCIE G3X2</li>\r\n	<li>Card đồ họa: Intel UHD Graphics</li>\r\n	<li>Màn hình: 14\" FHD (1920 x 1080) IPS, NanoEdge, 72% NTSC, 100% sRGB, 300nits</li>\r\n	<li>ScreenPad: 5.65” FHD+ (2160 x 1080) Super IPS Display, 178˚ Wide-view</li>\r\n	<li>Hệ điều hành: Windows 10 Home</li>\r\n	<li>Pin: 3 Cell 50WHr Lithium-Polymer</li>\r\n</ul>'),
(17, 'Tai Nghe Bluetooth Apple AirPods Pro True Wireless', 'tai-nghe-bluetooth-apple-airpods-pro-true-wireless', 10000000, 50, 1, 0, 'XAjn_images.jpg', 5, '2020-05-13 08:58:03', '2020-05-15 08:55:10', '<h5 style=\"text-align:center\">AirPods Pro sở hữu thiết kế nhỏ gọn</h5>\r\n\r\n<p style=\"text-align:center\">Tai Nghe Bluetooth Apple AirPods Pro True Wireless - MWP22 được thiết kế như một tai nghe in-ear thay vì earbud toàn khung nhựa 100% như ở các phiên bản cũ, trọng lượng chỉ 5.4g và 45,6 gram cả hộp.</p>\r\n\r\n<p style=\"text-align:center\"><img alt=\"Tai Nghe Bluetooth Apple AirPods Pro True Wireless - MWP22 - Hàng Chính Hãng VN/A\" src=\"https://salt.tikicdn.com/ts/tmp/4d/8d/be/bf504619471cb446d2e147a1536aeddd.JPG\" style=\"border-style:none; box-sizing:border-box; display:block; height:750px; margin:0px auto; max-width:100%; width:750px\" /></p>\r\n\r\n<p style=\"text-align:center\">Cùng với 3 mút silicon mềm giúp AirPods Pro không chỉ giúp tai nghe trở nên sang trọng hơn và còn giúp tai nghe bám chắc vào tai, khả năng cách âm tốt cũng như phù hợp với nhiều kích thước tai khác nhau.</p>\r\n\r\n<p style=\"text-align:center\"><img alt=\"Tai Nghe Bluetooth Apple AirPods Pro True Wireless - MWP22 - Hàng Chính Hãng VN/A\" src=\"https://salt.tikicdn.com/ts/tmp/1a/dd/88/994494ac0e40ff460238b98c03d35402.JPG\" style=\"border-style:none; box-sizing:border-box; display:block; height:750px; margin:0px auto; max-width:100%; width:750px\" /></p>\r\n\r\n<h5 style=\"text-align:center\">Âm thanh rõ nét với công nghệ khử tiếng ồn chủ động</h5>\r\n\r\n<p style=\"text-align:center\">AirPods Pro thiết kế một micro hướng ra ngoài giúp phát hiện âm thanh. Sau khi phát hiện âm thanh, AirPods Pro ngay lập tức sẽ loại bỏ âm thanh bên ngoài đó trước khi bạn nghe thấy nó. Một micrô hướng vào bên trong giúp lắng nghe những âm thanh bên trong tai bạn. Tương tự với micro hướng ra bên ngoài, micro bên trong cũng kiểm tra những âm thanh không mong muốn và loại bỏ chúng.</p>\r\n\r\n<p style=\"text-align:center\">Tính năng khử tiếng ồn được điểu chỉnh liên tục với tần suất 200 lần mỗi giây. Nhờ vậy âm thanh cuối cùng bạn nghe được sẽ là những âm thanh trong trẻo, chất lượng nhất.</p>\r\n\r\n<p style=\"text-align:center\"><img alt=\"Tai Nghe Bluetooth Apple AirPods Pro True Wireless - MWP22 - Hàng Chính Hãng VN/A\" src=\"https://salt.tikicdn.com/ts/tmp/fc/67/80/a8300b0ac1bddfd3414fd3b8f34e7187.JPG\" style=\"border-style:none; box-sizing:border-box; display:block; height:750px; margin:0px auto; max-width:100%; width:750px\" /></p>\r\n\r\n<p style=\"text-align:center\">Một tính năng thông minh của AirPods Pro đó chỉnh là sử chuyển đổi giữa chế độ khử tiếng ồn chủ động và chế độ trong suốt. Với những lúc bạn có nhu cầu nghe cả những âm thanh đang xảy ra xung quanh. Việc đơn giản bạn cần làm là nhấn giữ cảm biến lực trên thân tai nghe để chuyển đổi giữa hai chế độ. Với chế độ trong suốt, bạn có thể nghe được cùng lúc âm thanh bên trong cũng như âm thanh bên ngoài, thoải mái nói chuyện với mọi người xung quanh.</p>\r\n\r\n<p style=\"text-align:center\"><img alt=\"Tai Nghe Bluetooth Apple AirPods Pro True Wireless - MWP22 - Hàng Chính Hãng VN/A\" src=\"https://salt.tikicdn.com/ts/tmp/41/5a/6e/58b3987887527b56646b7e61bcbdcac5.JPG\" style=\"border-style:none; box-sizing:border-box; display:block; height:750px; margin:0px auto; max-width:100%; width:750px\" /></p>\r\n\r\n<h5 style=\"text-align:center\">Dễ dàng kết nối với những thiết bị khác</h5>\r\n\r\n<p style=\"text-align:center\">Tai nghe Apple AirPods Pro vẫn sở hữu tính năng kết nối với iPhone hoặc Apple Watch như các mẫu tai nghe AirPods khác, kết nối bluetooth 5.0. Ngoài ra, tai nghe còn tính năng “Hey Hey Siri” giúp kiểm soát âm lượng, cuộc gọi, nghe nhạc và nhiều hơn thế nữa chỉ bằng giọng nói. Đồng thời, tai nghe còn có khả năng chi sẻ bài hát, podcast qua một tai nghe AirPods khác với tính năng chia sẻ âm thanh.</p>\r\n\r\n<p style=\"text-align:center\"><img alt=\"Tai Nghe Bluetooth Apple AirPods Pro True Wireless - MWP22 - Hàng Chính Hãng VN/A\" src=\"https://salt.tikicdn.com/ts/tmp/c8/20/97/d1df55006e6ce41db729efcd25c4bfe6.JPG\" style=\"border-style:none; box-sizing:border-box; display:block; height:750px; margin:0px auto; max-width:100%; width:750px\" /></p>\r\n\r\n<h5 style=\"text-align:center\"><img alt=\"\" src=\"data:image/gif;base64,R0lGODlhAQABAIAAAP///wAAACH5BAEAAAAALAAAAAABAAEAAAICRAEAOw==\" style=\"border-style:none; box-sizing:border-box; display:block; height:0px; margin:0px auto; max-width:100%; width:750px\" />Dung lượng pin lớn lên đến 5 giờ sử dụng</h5>\r\n\r\n<p style=\"text-align:center\">Với AirPods Pro với dung lượng pin cho thời gian sử dụng khá ấn tượng. Cụ thể với 1 lần sạc, tai nghe không dây AirPods Pro cho 4,5 giờ nghe nhạc, 3.5 tiếng đàm thoại. Ngoài ra, hộp sạc không dây giúp lưu trữ điện năng bổ sung năng lượng cho 24 giờ nghe nhạc, 18 giờ đàm thoại.</p>\r\n\r\n<p style=\"text-align:center\"><img alt=\"Tai Nghe Bluetooth Apple AirPods Pro True Wireless - MWP22 - Hàng Chính Hãng VN/A\" src=\"https://salt.tikicdn.com/ts/tmp/6e/07/ac/9a18f69a8942f583db1881d686ff01bf.JPG\" style=\"border-style:none; box-sizing:border-box; display:block; height:751px; margin:0px auto; max-width:100%; width:750px\" /></p>\r\n\r\n<h5 style=\"text-align:center\">Cảm biến lực giúp kiểm soát trên tai nghe cùng nhiều tính năng nâng cao: Siri, Ar</h5>\r\n\r\n<p style=\"text-align:center\">AirPods Pro với cảm biến lực giúp kiểm soát ngay trên tai nghe. Cụ thể, bạn cần nhấn 1 lần để phát, tạm dừng hoặc trả lời cuộc gọi điện thoại. Nhấn 2, 3 lần để bỏ qua, nhân và giữ để chuyển giữa chế độ khử tiếng ồn chủ động và chế độ trong suốt.</p>\r\n\r\n<p style=\"text-align:center\"><img alt=\"Tai Nghe Bluetooth Apple AirPods Pro True Wireless - MWP22 - Hàng Chính Hãng VN/A\" src=\"https://salt.tikicdn.com/ts/tmp/e3/81/6a/16eb555c1ec544d8106d68a8647124f4.JPG\" style=\"border-style:none; box-sizing:border-box; display:block; height:657px; margin:0px auto; max-width:100%; width:750px\" /></p>\r\n\r\n<h5 style=\"text-align:center\">Chíp H1giúp tùy chỉnh âm thanh</h5>\r\n\r\n<p style=\"text-align:center\">Ngoài ra, Apple AirPods Pro còn bộ khuếch đại cấp nguồn kết hợp với chip H1 giúp loại bỏ nền nhiễu, kiểm soát mức độ nghe. Bộ khuếch đại dải động giúp tạo ra âm thanh thuần khiết, rõ ràng cùng khả năng kéo dài tuổi thọ pin. Hơn thế nữa, tai nghe bluetooth AirPods Pro còn sở hữu cổng micro lưới mở rộng giúp cải thiện độ rõ của cuộc gọi, âm thanh trong các tình huống gió.</p>', 0, 50, 0, 0, '<ul>\r\n	<li>Thiết kế thời trang và nhỏ gọn</li>\r\n	<li>Khả năng chống ồn – xử lý âm thanh vượt bậc</li>\r\n	<li>Tái tạo âm thanh chi tiết, sống động</li>\r\n	<li>Kết nối không dây Bluetooth tiện lợi</li>\r\n	<li>Trang bị tính năng theo dõi sức khỏe</li>\r\n	<li>Thời lượng pin cải thiện, lên đến 24 tiếng</li>\r\n	<li>Tương thích tối đa các thiết bị của Apple</li>\r\n</ul>'),
(18, 'Tai Nghe Bluetooth Apple AirPods Pro True', 'tai-nghe-bluetooth-apple-airpods-pro-true', 20000000, 10, 1, 0, '1615-tai-nghe-beats-studio-3-wireless--1-.jpg', 5, '2020-05-13 08:59:14', '2020-05-15 08:56:07', '<h5 style=\"text-align:center\">AirPods Pro sở hữu thiết kế nhỏ gọn</h5>\r\n\r\n<p style=\"text-align:center\">Tai Nghe Bluetooth Apple AirPods Pro True Wireless - MWP22 được thiết kế như một tai nghe in-ear thay vì earbud toàn khung nhựa 100% như ở các phiên bản cũ, trọng lượng chỉ 5.4g và 45,6 gram cả hộp.</p>\r\n\r\n<p style=\"text-align:center\"><img alt=\"Tai Nghe Bluetooth Apple AirPods Pro True Wireless - MWP22 - Hàng Chính Hãng VN/A\" src=\"https://salt.tikicdn.com/ts/tmp/4d/8d/be/bf504619471cb446d2e147a1536aeddd.JPG\" style=\"border-style:none; box-sizing:border-box; display:block; height:750px; margin:0px auto; max-width:100%; width:750px\" /></p>\r\n\r\n<p style=\"text-align:center\">Cùng với 3 mút silicon mềm giúp AirPods Pro không chỉ giúp tai nghe trở nên sang trọng hơn và còn giúp tai nghe bám chắc vào tai, khả năng cách âm tốt cũng như phù hợp với nhiều kích thước tai khác nhau.</p>\r\n\r\n<p style=\"text-align:center\"><img alt=\"Tai Nghe Bluetooth Apple AirPods Pro True Wireless - MWP22 - Hàng Chính Hãng VN/A\" src=\"https://salt.tikicdn.com/ts/tmp/1a/dd/88/994494ac0e40ff460238b98c03d35402.JPG\" style=\"border-style:none; box-sizing:border-box; display:block; height:750px; margin:0px auto; max-width:100%; width:750px\" /></p>\r\n\r\n<h5 style=\"text-align:center\">Âm thanh rõ nét với công nghệ khử tiếng ồn chủ động</h5>\r\n\r\n<p style=\"text-align:center\">AirPods Pro thiết kế một micro hướng ra ngoài giúp phát hiện âm thanh. Sau khi phát hiện âm thanh, AirPods Pro ngay lập tức sẽ loại bỏ âm thanh bên ngoài đó trước khi bạn nghe thấy nó. Một micrô hướng vào bên trong giúp lắng nghe những âm thanh bên trong tai bạn. Tương tự với micro hướng ra bên ngoài, micro bên trong cũng kiểm tra những âm thanh không mong muốn và loại bỏ chúng.</p>\r\n\r\n<p style=\"text-align:center\">Tính năng khử tiếng ồn được điểu chỉnh liên tục với tần suất 200 lần mỗi giây. Nhờ vậy âm thanh cuối cùng bạn nghe được sẽ là những âm thanh trong trẻo, chất lượng nhất.</p>\r\n\r\n<p style=\"text-align:center\"><img alt=\"Tai Nghe Bluetooth Apple AirPods Pro True Wireless - MWP22 - Hàng Chính Hãng VN/A\" src=\"https://salt.tikicdn.com/ts/tmp/fc/67/80/a8300b0ac1bddfd3414fd3b8f34e7187.JPG\" style=\"border-style:none; box-sizing:border-box; display:block; height:750px; margin:0px auto; max-width:100%; width:750px\" /></p>\r\n\r\n<p style=\"text-align:center\">Một tính năng thông minh của AirPods Pro đó chỉnh là sử chuyển đổi giữa chế độ khử tiếng ồn chủ động và chế độ trong suốt. Với những lúc bạn có nhu cầu nghe cả những âm thanh đang xảy ra xung quanh. Việc đơn giản bạn cần làm là nhấn giữ cảm biến lực trên thân tai nghe để chuyển đổi giữa hai chế độ. Với chế độ trong suốt, bạn có thể nghe được cùng lúc âm thanh bên trong cũng như âm thanh bên ngoài, thoải mái nói chuyện với mọi người xung quanh.</p>\r\n\r\n<p style=\"text-align:center\"><img alt=\"Tai Nghe Bluetooth Apple AirPods Pro True Wireless - MWP22 - Hàng Chính Hãng VN/A\" src=\"https://salt.tikicdn.com/ts/tmp/41/5a/6e/58b3987887527b56646b7e61bcbdcac5.JPG\" style=\"border-style:none; box-sizing:border-box; display:block; height:750px; margin:0px auto; max-width:100%; width:750px\" /></p>\r\n\r\n<h5 style=\"text-align:center\">Dễ dàng kết nối với những thiết bị khác</h5>\r\n\r\n<p style=\"text-align:center\">Tai nghe Apple AirPods Pro vẫn sở hữu tính năng kết nối với iPhone hoặc Apple Watch như các mẫu tai nghe AirPods khác, kết nối bluetooth 5.0. Ngoài ra, tai nghe còn tính năng “Hey Hey Siri” giúp kiểm soát âm lượng, cuộc gọi, nghe nhạc và nhiều hơn thế nữa chỉ bằng giọng nói. Đồng thời, tai nghe còn có khả năng chi sẻ bài hát, podcast qua một tai nghe AirPods khác với tính năng chia sẻ âm thanh.</p>\r\n\r\n<p style=\"text-align:center\"><img alt=\"Tai Nghe Bluetooth Apple AirPods Pro True Wireless - MWP22 - Hàng Chính Hãng VN/A\" src=\"https://salt.tikicdn.com/ts/tmp/c8/20/97/d1df55006e6ce41db729efcd25c4bfe6.JPG\" style=\"border-style:none; box-sizing:border-box; display:block; height:750px; margin:0px auto; max-width:100%; width:750px\" /></p>\r\n\r\n<h5 style=\"text-align:center\"><img alt=\"\" src=\"data:image/gif;base64,R0lGODlhAQABAIAAAP///wAAACH5BAEAAAAALAAAAAABAAEAAAICRAEAOw==\" style=\"border-style:none; box-sizing:border-box; display:block; height:0px; margin:0px auto; max-width:100%; width:750px\" />Dung lượng pin lớn lên đến 5 giờ sử dụng</h5>\r\n\r\n<p style=\"text-align:center\">Với AirPods Pro với dung lượng pin cho thời gian sử dụng khá ấn tượng. Cụ thể với 1 lần sạc, tai nghe không dây AirPods Pro cho 4,5 giờ nghe nhạc, 3.5 tiếng đàm thoại. Ngoài ra, hộp sạc không dây giúp lưu trữ điện năng bổ sung năng lượng cho 24 giờ nghe nhạc, 18 giờ đàm thoại.</p>\r\n\r\n<p style=\"text-align:center\"><img alt=\"Tai Nghe Bluetooth Apple AirPods Pro True Wireless - MWP22 - Hàng Chính Hãng VN/A\" src=\"https://salt.tikicdn.com/ts/tmp/6e/07/ac/9a18f69a8942f583db1881d686ff01bf.JPG\" style=\"border-style:none; box-sizing:border-box; display:block; height:751px; margin:0px auto; max-width:100%; width:750px\" /></p>\r\n\r\n<h5 style=\"text-align:center\">Cảm biến lực giúp kiểm soát trên tai nghe cùng nhiều tính năng nâng cao: Siri, Ar</h5>\r\n\r\n<p style=\"text-align:center\">AirPods Pro với cảm biến lực giúp kiểm soát ngay trên tai nghe. Cụ thể, bạn cần nhấn 1 lần để phát, tạm dừng hoặc trả lời cuộc gọi điện thoại. Nhấn 2, 3 lần để bỏ qua, nhân và giữ để chuyển giữa chế độ khử tiếng ồn chủ động và chế độ trong suốt.</p>\r\n\r\n<p style=\"text-align:center\"><img alt=\"Tai Nghe Bluetooth Apple AirPods Pro True Wireless - MWP22 - Hàng Chính Hãng VN/A\" src=\"https://salt.tikicdn.com/ts/tmp/e3/81/6a/16eb555c1ec544d8106d68a8647124f4.JPG\" style=\"border-style:none; box-sizing:border-box; display:block; height:657px; margin:0px auto; max-width:100%; width:750px\" /></p>\r\n\r\n<h5 style=\"text-align:center\">Chíp H1giúp tùy chỉnh âm thanh</h5>\r\n\r\n<p style=\"text-align:center\">Ngoài ra, Apple AirPods Pro còn bộ khuếch đại cấp nguồn kết hợp với chip H1 giúp loại bỏ nền nhiễu, kiểm soát mức độ nghe. Bộ khuếch đại dải động giúp tạo ra âm thanh thuần khiết, rõ ràng cùng khả năng kéo dài tuổi thọ pin. Hơn thế nữa, tai nghe bluetooth AirPods Pro còn sở hữu cổng micro lưới mở rộng giúp cải thiện độ rõ của cuộc gọi, âm thanh trong các tình huống gió.</p>', 0, 50, 0, 0, '<ul>\r\n	<li>Thiết kế thời trang và nhỏ gọn</li>\r\n	<li>Khả năng chống ồn – xử lý âm thanh vượt bậc</li>\r\n	<li>Tái tạo âm thanh chi tiết, sống động</li>\r\n	<li>Kết nối không dây Bluetooth tiện lợi</li>\r\n	<li>Trang bị tính năng theo dõi sức khỏe</li>\r\n	<li>Thời lượng pin cải thiện, lên đến 24 tiếng</li>\r\n	<li>Tương thích tối đa các thiết bị của Apple</li>\r\n</ul>'),
(19, 'Tai Nghe Bluetooth Apple AirPods Pro True Wirelesstr', 'tai-nghe-bluetooth-apple-airpods-pro-true-wirelesstr', 40000000, 25, 1, 0, 'hFEl_7.jpg', 5, '2020-05-13 09:00:43', '2020-05-13 09:00:43', '<h5 style=\"text-align:center\">AirPods Pro sở hữu thiết kế nhỏ gọn</h5>\r\n\r\n<p style=\"text-align:center\">Tai Nghe Bluetooth Apple AirPods Pro True Wireless - MWP22 được thiết kế như một tai nghe in-ear thay vì earbud toàn khung nhựa 100% như ở các phiên bản cũ, trọng lượng chỉ 5.4g và 45,6 gram cả hộp.</p>\r\n\r\n<p style=\"text-align:center\"><img alt=\"Tai Nghe Bluetooth Apple AirPods Pro True Wireless - MWP22 - Hàng Chính Hãng VN/A\" src=\"https://salt.tikicdn.com/ts/tmp/4d/8d/be/bf504619471cb446d2e147a1536aeddd.JPG\" style=\"border-style:none; box-sizing:border-box; display:block; height:750px; margin:0px auto; max-width:100%; width:750px\" /></p>\r\n\r\n<p style=\"text-align:center\">Cùng với 3 mút silicon mềm giúp AirPods Pro không chỉ giúp tai nghe trở nên sang trọng hơn và còn giúp tai nghe bám chắc vào tai, khả năng cách âm tốt cũng như phù hợp với nhiều kích thước tai khác nhau.</p>\r\n\r\n<p style=\"text-align:center\"><img alt=\"Tai Nghe Bluetooth Apple AirPods Pro True Wireless - MWP22 - Hàng Chính Hãng VN/A\" src=\"https://salt.tikicdn.com/ts/tmp/1a/dd/88/994494ac0e40ff460238b98c03d35402.JPG\" style=\"border-style:none; box-sizing:border-box; display:block; height:750px; margin:0px auto; max-width:100%; width:750px\" /></p>\r\n\r\n<h5 style=\"text-align:center\">Âm thanh rõ nét với công nghệ khử tiếng ồn chủ động</h5>\r\n\r\n<p style=\"text-align:center\">AirPods Pro thiết kế một micro hướng ra ngoài giúp phát hiện âm thanh. Sau khi phát hiện âm thanh, AirPods Pro ngay lập tức sẽ loại bỏ âm thanh bên ngoài đó trước khi bạn nghe thấy nó. Một micrô hướng vào bên trong giúp lắng nghe những âm thanh bên trong tai bạn. Tương tự với micro hướng ra bên ngoài, micro bên trong cũng kiểm tra những âm thanh không mong muốn và loại bỏ chúng.</p>\r\n\r\n<p style=\"text-align:center\">Tính năng khử tiếng ồn được điểu chỉnh liên tục với tần suất 200 lần mỗi giây. Nhờ vậy âm thanh cuối cùng bạn nghe được sẽ là những âm thanh trong trẻo, chất lượng nhất.</p>\r\n\r\n<p style=\"text-align:center\"><img alt=\"Tai Nghe Bluetooth Apple AirPods Pro True Wireless - MWP22 - Hàng Chính Hãng VN/A\" src=\"https://salt.tikicdn.com/ts/tmp/fc/67/80/a8300b0ac1bddfd3414fd3b8f34e7187.JPG\" style=\"border-style:none; box-sizing:border-box; display:block; height:750px; margin:0px auto; max-width:100%; width:750px\" /></p>\r\n\r\n<p style=\"text-align:center\">Một tính năng thông minh của AirPods Pro đó chỉnh là sử chuyển đổi giữa chế độ khử tiếng ồn chủ động và chế độ trong suốt. Với những lúc bạn có nhu cầu nghe cả những âm thanh đang xảy ra xung quanh. Việc đơn giản bạn cần làm là nhấn giữ cảm biến lực trên thân tai nghe để chuyển đổi giữa hai chế độ. Với chế độ trong suốt, bạn có thể nghe được cùng lúc âm thanh bên trong cũng như âm thanh bên ngoài, thoải mái nói chuyện với mọi người xung quanh.</p>\r\n\r\n<p style=\"text-align:center\"><img alt=\"Tai Nghe Bluetooth Apple AirPods Pro True Wireless - MWP22 - Hàng Chính Hãng VN/A\" src=\"https://salt.tikicdn.com/ts/tmp/41/5a/6e/58b3987887527b56646b7e61bcbdcac5.JPG\" style=\"border-style:none; box-sizing:border-box; display:block; height:750px; margin:0px auto; max-width:100%; width:750px\" /></p>\r\n\r\n<h5 style=\"text-align:center\">Dễ dàng kết nối với những thiết bị khác</h5>\r\n\r\n<p style=\"text-align:center\">Tai nghe Apple AirPods Pro vẫn sở hữu tính năng kết nối với iPhone hoặc Apple Watch như các mẫu tai nghe AirPods khác, kết nối bluetooth 5.0. Ngoài ra, tai nghe còn tính năng “Hey Hey Siri” giúp kiểm soát âm lượng, cuộc gọi, nghe nhạc và nhiều hơn thế nữa chỉ bằng giọng nói. Đồng thời, tai nghe còn có khả năng chi sẻ bài hát, podcast qua một tai nghe AirPods khác với tính năng chia sẻ âm thanh.</p>\r\n\r\n<p style=\"text-align:center\"><img alt=\"Tai Nghe Bluetooth Apple AirPods Pro True Wireless - MWP22 - Hàng Chính Hãng VN/A\" src=\"https://salt.tikicdn.com/ts/tmp/c8/20/97/d1df55006e6ce41db729efcd25c4bfe6.JPG\" style=\"border-style:none; box-sizing:border-box; display:block; height:750px; margin:0px auto; max-width:100%; width:750px\" /></p>\r\n\r\n<h5 style=\"text-align:center\"><img alt=\"\" src=\"data:image/gif;base64,R0lGODlhAQABAIAAAP///wAAACH5BAEAAAAALAAAAAABAAEAAAICRAEAOw==\" style=\"border-style:none; box-sizing:border-box; display:block; height:0px; margin:0px auto; max-width:100%; width:750px\" />Dung lượng pin lớn lên đến 5 giờ sử dụng</h5>\r\n\r\n<p style=\"text-align:center\">Với AirPods Pro với dung lượng pin cho thời gian sử dụng khá ấn tượng. Cụ thể với 1 lần sạc, tai nghe không dây AirPods Pro cho 4,5 giờ nghe nhạc, 3.5 tiếng đàm thoại. Ngoài ra, hộp sạc không dây giúp lưu trữ điện năng bổ sung năng lượng cho 24 giờ nghe nhạc, 18 giờ đàm thoại.</p>\r\n\r\n<p style=\"text-align:center\"><img alt=\"Tai Nghe Bluetooth Apple AirPods Pro True Wireless - MWP22 - Hàng Chính Hãng VN/A\" src=\"https://salt.tikicdn.com/ts/tmp/6e/07/ac/9a18f69a8942f583db1881d686ff01bf.JPG\" style=\"border-style:none; box-sizing:border-box; display:block; height:751px; margin:0px auto; max-width:100%; width:750px\" /></p>\r\n\r\n<h5 style=\"text-align:center\">Cảm biến lực giúp kiểm soát trên tai nghe cùng nhiều tính năng nâng cao: Siri, Ar</h5>\r\n\r\n<p style=\"text-align:center\">AirPods Pro với cảm biến lực giúp kiểm soát ngay trên tai nghe. Cụ thể, bạn cần nhấn 1 lần để phát, tạm dừng hoặc trả lời cuộc gọi điện thoại. Nhấn 2, 3 lần để bỏ qua, nhân và giữ để chuyển giữa chế độ khử tiếng ồn chủ động và chế độ trong suốt.</p>\r\n\r\n<p style=\"text-align:center\"><img alt=\"Tai Nghe Bluetooth Apple AirPods Pro True Wireless - MWP22 - Hàng Chính Hãng VN/A\" src=\"https://salt.tikicdn.com/ts/tmp/e3/81/6a/16eb555c1ec544d8106d68a8647124f4.JPG\" style=\"border-style:none; box-sizing:border-box; display:block; height:657px; margin:0px auto; max-width:100%; width:750px\" /></p>\r\n\r\n<h5 style=\"text-align:center\">Chíp H1giúp tùy chỉnh âm thanh</h5>\r\n\r\n<p style=\"text-align:center\">Ngoài ra, Apple AirPods Pro còn bộ khuếch đại cấp nguồn kết hợp với chip H1 giúp loại bỏ nền nhiễu, kiểm soát mức độ nghe. Bộ khuếch đại dải động giúp tạo ra âm thanh thuần khiết, rõ ràng cùng khả năng kéo dài tuổi thọ pin. Hơn thế nữa, tai nghe bluetooth AirPods Pro còn sở hữu cổng micro lưới mở rộng giúp cải thiện độ rõ của cuộc gọi, âm thanh trong các tình huống gió.</p>', 0, 50, 0, 0, '<ul>\r\n	<li>Thiết kế thời trang và nhỏ gọn</li>\r\n	<li>Khả năng chống ồn – xử lý âm thanh vượt bậc</li>\r\n	<li>Tái tạo âm thanh chi tiết, sống động</li>\r\n	<li>Kết nối không dây Bluetooth tiện lợi</li>\r\n	<li>Trang bị tính năng theo dõi sức khỏe</li>\r\n	<li>Thời lượng pin cải thiện, lên đến 24 tiếng</li>\r\n	<li>Tương thích tối đa các thiết bị của Apple</li>\r\n</ul>'),
(20, 'Tai Nghe Bluetooth Apple AirPods Pros True Wirelesstr', 'tai-nghe-bluetooth-apple-airpods-pros-true-wirelesstr', 23000000, 25, 1, 0, 'Wsif_6.jpg', 5, '2020-05-13 09:02:15', '2020-05-13 09:02:15', '<h5 style=\"text-align:center\">AirPods Pro sở hữu thiết kế nhỏ gọn</h5>\r\n\r\n<p style=\"text-align:center\">Tai Nghe Bluetooth Apple AirPods Pro True Wireless - MWP22 được thiết kế như một tai nghe in-ear thay vì earbud toàn khung nhựa 100% như ở các phiên bản cũ, trọng lượng chỉ 5.4g và 45,6 gram cả hộp.</p>\r\n\r\n<p style=\"text-align:center\"><img alt=\"Tai Nghe Bluetooth Apple AirPods Pro True Wireless - MWP22 - Hàng Chính Hãng VN/A\" src=\"https://salt.tikicdn.com/ts/tmp/4d/8d/be/bf504619471cb446d2e147a1536aeddd.JPG\" style=\"border-style:none; box-sizing:border-box; display:block; height:750px; margin:0px auto; max-width:100%; width:750px\" /></p>\r\n\r\n<p style=\"text-align:center\">Cùng với 3 mút silicon mềm giúp AirPods Pro không chỉ giúp tai nghe trở nên sang trọng hơn và còn giúp tai nghe bám chắc vào tai, khả năng cách âm tốt cũng như phù hợp với nhiều kích thước tai khác nhau.</p>\r\n\r\n<p style=\"text-align:center\"><img alt=\"Tai Nghe Bluetooth Apple AirPods Pro True Wireless - MWP22 - Hàng Chính Hãng VN/A\" src=\"https://salt.tikicdn.com/ts/tmp/1a/dd/88/994494ac0e40ff460238b98c03d35402.JPG\" style=\"border-style:none; box-sizing:border-box; display:block; height:750px; margin:0px auto; max-width:100%; width:750px\" /></p>\r\n\r\n<h5 style=\"text-align:center\">Âm thanh rõ nét với công nghệ khử tiếng ồn chủ động</h5>\r\n\r\n<p style=\"text-align:center\">AirPods Pro thiết kế một micro hướng ra ngoài giúp phát hiện âm thanh. Sau khi phát hiện âm thanh, AirPods Pro ngay lập tức sẽ loại bỏ âm thanh bên ngoài đó trước khi bạn nghe thấy nó. Một micrô hướng vào bên trong giúp lắng nghe những âm thanh bên trong tai bạn. Tương tự với micro hướng ra bên ngoài, micro bên trong cũng kiểm tra những âm thanh không mong muốn và loại bỏ chúng.</p>\r\n\r\n<p style=\"text-align:center\">Tính năng khử tiếng ồn được điểu chỉnh liên tục với tần suất 200 lần mỗi giây. Nhờ vậy âm thanh cuối cùng bạn nghe được sẽ là những âm thanh trong trẻo, chất lượng nhất.</p>\r\n\r\n<p style=\"text-align:center\"><img alt=\"Tai Nghe Bluetooth Apple AirPods Pro True Wireless - MWP22 - Hàng Chính Hãng VN/A\" src=\"https://salt.tikicdn.com/ts/tmp/fc/67/80/a8300b0ac1bddfd3414fd3b8f34e7187.JPG\" style=\"border-style:none; box-sizing:border-box; display:block; height:750px; margin:0px auto; max-width:100%; width:750px\" /></p>\r\n\r\n<p style=\"text-align:center\">Một tính năng thông minh của AirPods Pro đó chỉnh là sử chuyển đổi giữa chế độ khử tiếng ồn chủ động và chế độ trong suốt. Với những lúc bạn có nhu cầu nghe cả những âm thanh đang xảy ra xung quanh. Việc đơn giản bạn cần làm là nhấn giữ cảm biến lực trên thân tai nghe để chuyển đổi giữa hai chế độ. Với chế độ trong suốt, bạn có thể nghe được cùng lúc âm thanh bên trong cũng như âm thanh bên ngoài, thoải mái nói chuyện với mọi người xung quanh.</p>\r\n\r\n<p style=\"text-align:center\"><img alt=\"Tai Nghe Bluetooth Apple AirPods Pro True Wireless - MWP22 - Hàng Chính Hãng VN/A\" src=\"https://salt.tikicdn.com/ts/tmp/41/5a/6e/58b3987887527b56646b7e61bcbdcac5.JPG\" style=\"border-style:none; box-sizing:border-box; display:block; height:750px; margin:0px auto; max-width:100%; width:750px\" /></p>\r\n\r\n<h5 style=\"text-align:center\">Dễ dàng kết nối với những thiết bị khác</h5>\r\n\r\n<p style=\"text-align:center\">Tai nghe Apple AirPods Pro vẫn sở hữu tính năng kết nối với iPhone hoặc Apple Watch như các mẫu tai nghe AirPods khác, kết nối bluetooth 5.0. Ngoài ra, tai nghe còn tính năng “Hey Hey Siri” giúp kiểm soát âm lượng, cuộc gọi, nghe nhạc và nhiều hơn thế nữa chỉ bằng giọng nói. Đồng thời, tai nghe còn có khả năng chi sẻ bài hát, podcast qua một tai nghe AirPods khác với tính năng chia sẻ âm thanh.</p>\r\n\r\n<p style=\"text-align:center\"><img alt=\"Tai Nghe Bluetooth Apple AirPods Pro True Wireless - MWP22 - Hàng Chính Hãng VN/A\" src=\"https://salt.tikicdn.com/ts/tmp/c8/20/97/d1df55006e6ce41db729efcd25c4bfe6.JPG\" style=\"border-style:none; box-sizing:border-box; display:block; height:750px; margin:0px auto; max-width:100%; width:750px\" /></p>\r\n\r\n<h5 style=\"text-align:center\"><img alt=\"\" src=\"data:image/gif;base64,R0lGODlhAQABAIAAAP///wAAACH5BAEAAAAALAAAAAABAAEAAAICRAEAOw==\" style=\"border-style:none; box-sizing:border-box; display:block; height:0px; margin:0px auto; max-width:100%; width:750px\" />Dung lượng pin lớn lên đến 5 giờ sử dụng</h5>\r\n\r\n<p style=\"text-align:center\">Với AirPods Pro với dung lượng pin cho thời gian sử dụng khá ấn tượng. Cụ thể với 1 lần sạc, tai nghe không dây AirPods Pro cho 4,5 giờ nghe nhạc, 3.5 tiếng đàm thoại. Ngoài ra, hộp sạc không dây giúp lưu trữ điện năng bổ sung năng lượng cho 24 giờ nghe nhạc, 18 giờ đàm thoại.</p>\r\n\r\n<p style=\"text-align:center\"><img alt=\"Tai Nghe Bluetooth Apple AirPods Pro True Wireless - MWP22 - Hàng Chính Hãng VN/A\" src=\"https://salt.tikicdn.com/ts/tmp/6e/07/ac/9a18f69a8942f583db1881d686ff01bf.JPG\" style=\"border-style:none; box-sizing:border-box; display:block; height:751px; margin:0px auto; max-width:100%; width:750px\" /></p>\r\n\r\n<h5 style=\"text-align:center\">Cảm biến lực giúp kiểm soát trên tai nghe cùng nhiều tính năng nâng cao: Siri, Ar</h5>\r\n\r\n<p style=\"text-align:center\">AirPods Pro với cảm biến lực giúp kiểm soát ngay trên tai nghe. Cụ thể, bạn cần nhấn 1 lần để phát, tạm dừng hoặc trả lời cuộc gọi điện thoại. Nhấn 2, 3 lần để bỏ qua, nhân và giữ để chuyển giữa chế độ khử tiếng ồn chủ động và chế độ trong suốt.</p>\r\n\r\n<p style=\"text-align:center\"><img alt=\"Tai Nghe Bluetooth Apple AirPods Pro True Wireless - MWP22 - Hàng Chính Hãng VN/A\" src=\"https://salt.tikicdn.com/ts/tmp/e3/81/6a/16eb555c1ec544d8106d68a8647124f4.JPG\" style=\"border-style:none; box-sizing:border-box; display:block; height:657px; margin:0px auto; max-width:100%; width:750px\" /></p>\r\n\r\n<h5 style=\"text-align:center\">Chíp H1giúp tùy chỉnh âm thanh</h5>\r\n\r\n<p style=\"text-align:center\">Ngoài ra, Apple AirPods Pro còn bộ khuếch đại cấp nguồn kết hợp với chip H1 giúp loại bỏ nền nhiễu, kiểm soát mức độ nghe. Bộ khuếch đại dải động giúp tạo ra âm thanh thuần khiết, rõ ràng cùng khả năng kéo dài tuổi thọ pin. Hơn thế nữa, tai nghe bluetooth AirPods Pro còn sở hữu cổng micro lưới mở rộng giúp cải thiện độ rõ của cuộc gọi, âm thanh trong các tình huống gió.</p>', 0, 50, 0, 0, '<ul>\r\n	<li>Thiết kế thời trang và nhỏ gọn</li>\r\n	<li>Khả năng chống ồn – xử lý âm thanh vượt bậc</li>\r\n	<li>Tái tạo âm thanh chi tiết, sống động</li>\r\n	<li>Kết nối không dây Bluetooth tiện lợi</li>\r\n	<li>Trang bị tính năng theo dõi sức khỏe</li>\r\n	<li>Thời lượng pin cải thiện, lên đến 24 tiếng</li>\r\n	<li>Tương thích tối đa các thiết bị của Apple</li>\r\n</ul>'),
(21, 'Tai Nghe Bluetooth Apple AirPods Pro True SS', 'tai-nghe-bluetooth-apple-airpods-pro-true-ss', 7000000, 10, 1, 0, 'Fyyt_5.jpg', 5, '2020-05-13 09:03:18', '2020-05-13 09:03:18', '<h5 style=\"text-align:center\">AirPods Pro sở hữu thiết kế nhỏ gọn</h5>\r\n\r\n<p style=\"text-align:center\">Tai Nghe Bluetooth Apple AirPods Pro True Wireless - MWP22 được thiết kế như một tai nghe in-ear thay vì earbud toàn khung nhựa 100% như ở các phiên bản cũ, trọng lượng chỉ 5.4g và 45,6 gram cả hộp.</p>\r\n\r\n<p style=\"text-align:center\"><img alt=\"Tai Nghe Bluetooth Apple AirPods Pro True Wireless - MWP22 - Hàng Chính Hãng VN/A\" src=\"https://salt.tikicdn.com/ts/tmp/4d/8d/be/bf504619471cb446d2e147a1536aeddd.JPG\" style=\"border-style:none; box-sizing:border-box; display:block; height:750px; margin:0px auto; max-width:100%; width:750px\" /></p>\r\n\r\n<p style=\"text-align:center\">Cùng với 3 mút silicon mềm giúp AirPods Pro không chỉ giúp tai nghe trở nên sang trọng hơn và còn giúp tai nghe bám chắc vào tai, khả năng cách âm tốt cũng như phù hợp với nhiều kích thước tai khác nhau.</p>\r\n\r\n<p style=\"text-align:center\"><img alt=\"Tai Nghe Bluetooth Apple AirPods Pro True Wireless - MWP22 - Hàng Chính Hãng VN/A\" src=\"https://salt.tikicdn.com/ts/tmp/1a/dd/88/994494ac0e40ff460238b98c03d35402.JPG\" style=\"border-style:none; box-sizing:border-box; display:block; height:750px; margin:0px auto; max-width:100%; width:750px\" /></p>\r\n\r\n<h5 style=\"text-align:center\">Âm thanh rõ nét với công nghệ khử tiếng ồn chủ động</h5>\r\n\r\n<p style=\"text-align:center\">AirPods Pro thiết kế một micro hướng ra ngoài giúp phát hiện âm thanh. Sau khi phát hiện âm thanh, AirPods Pro ngay lập tức sẽ loại bỏ âm thanh bên ngoài đó trước khi bạn nghe thấy nó. Một micrô hướng vào bên trong giúp lắng nghe những âm thanh bên trong tai bạn. Tương tự với micro hướng ra bên ngoài, micro bên trong cũng kiểm tra những âm thanh không mong muốn và loại bỏ chúng.</p>\r\n\r\n<p style=\"text-align:center\">Tính năng khử tiếng ồn được điểu chỉnh liên tục với tần suất 200 lần mỗi giây. Nhờ vậy âm thanh cuối cùng bạn nghe được sẽ là những âm thanh trong trẻo, chất lượng nhất.</p>\r\n\r\n<p style=\"text-align:center\"><img alt=\"Tai Nghe Bluetooth Apple AirPods Pro True Wireless - MWP22 - Hàng Chính Hãng VN/A\" src=\"https://salt.tikicdn.com/ts/tmp/fc/67/80/a8300b0ac1bddfd3414fd3b8f34e7187.JPG\" style=\"border-style:none; box-sizing:border-box; display:block; height:750px; margin:0px auto; max-width:100%; width:750px\" /></p>\r\n\r\n<p style=\"text-align:center\">Một tính năng thông minh của AirPods Pro đó chỉnh là sử chuyển đổi giữa chế độ khử tiếng ồn chủ động và chế độ trong suốt. Với những lúc bạn có nhu cầu nghe cả những âm thanh đang xảy ra xung quanh. Việc đơn giản bạn cần làm là nhấn giữ cảm biến lực trên thân tai nghe để chuyển đổi giữa hai chế độ. Với chế độ trong suốt, bạn có thể nghe được cùng lúc âm thanh bên trong cũng như âm thanh bên ngoài, thoải mái nói chuyện với mọi người xung quanh.</p>\r\n\r\n<p style=\"text-align:center\"><img alt=\"Tai Nghe Bluetooth Apple AirPods Pro True Wireless - MWP22 - Hàng Chính Hãng VN/A\" src=\"https://salt.tikicdn.com/ts/tmp/41/5a/6e/58b3987887527b56646b7e61bcbdcac5.JPG\" style=\"border-style:none; box-sizing:border-box; display:block; height:750px; margin:0px auto; max-width:100%; width:750px\" /></p>\r\n\r\n<h5 style=\"text-align:center\">Dễ dàng kết nối với những thiết bị khác</h5>\r\n\r\n<p style=\"text-align:center\">Tai nghe Apple AirPods Pro vẫn sở hữu tính năng kết nối với iPhone hoặc Apple Watch như các mẫu tai nghe AirPods khác, kết nối bluetooth 5.0. Ngoài ra, tai nghe còn tính năng “Hey Hey Siri” giúp kiểm soát âm lượng, cuộc gọi, nghe nhạc và nhiều hơn thế nữa chỉ bằng giọng nói. Đồng thời, tai nghe còn có khả năng chi sẻ bài hát, podcast qua một tai nghe AirPods khác với tính năng chia sẻ âm thanh.</p>\r\n\r\n<p style=\"text-align:center\"><img alt=\"Tai Nghe Bluetooth Apple AirPods Pro True Wireless - MWP22 - Hàng Chính Hãng VN/A\" src=\"https://salt.tikicdn.com/ts/tmp/c8/20/97/d1df55006e6ce41db729efcd25c4bfe6.JPG\" style=\"border-style:none; box-sizing:border-box; display:block; height:750px; margin:0px auto; max-width:100%; width:750px\" /></p>\r\n\r\n<h5 style=\"text-align:center\"><img alt=\"\" src=\"data:image/gif;base64,R0lGODlhAQABAIAAAP///wAAACH5BAEAAAAALAAAAAABAAEAAAICRAEAOw==\" style=\"border-style:none; box-sizing:border-box; display:block; height:0px; margin:0px auto; max-width:100%; width:750px\" />Dung lượng pin lớn lên đến 5 giờ sử dụng</h5>\r\n\r\n<p style=\"text-align:center\">Với AirPods Pro với dung lượng pin cho thời gian sử dụng khá ấn tượng. Cụ thể với 1 lần sạc, tai nghe không dây AirPods Pro cho 4,5 giờ nghe nhạc, 3.5 tiếng đàm thoại. Ngoài ra, hộp sạc không dây giúp lưu trữ điện năng bổ sung năng lượng cho 24 giờ nghe nhạc, 18 giờ đàm thoại.</p>\r\n\r\n<p style=\"text-align:center\"><img alt=\"Tai Nghe Bluetooth Apple AirPods Pro True Wireless - MWP22 - Hàng Chính Hãng VN/A\" src=\"https://salt.tikicdn.com/ts/tmp/6e/07/ac/9a18f69a8942f583db1881d686ff01bf.JPG\" style=\"border-style:none; box-sizing:border-box; display:block; height:751px; margin:0px auto; max-width:100%; width:750px\" /></p>\r\n\r\n<h5 style=\"text-align:center\">Cảm biến lực giúp kiểm soát trên tai nghe cùng nhiều tính năng nâng cao: Siri, Ar</h5>\r\n\r\n<p style=\"text-align:center\">AirPods Pro với cảm biến lực giúp kiểm soát ngay trên tai nghe. Cụ thể, bạn cần nhấn 1 lần để phát, tạm dừng hoặc trả lời cuộc gọi điện thoại. Nhấn 2, 3 lần để bỏ qua, nhân và giữ để chuyển giữa chế độ khử tiếng ồn chủ động và chế độ trong suốt.</p>\r\n\r\n<p style=\"text-align:center\"><img alt=\"Tai Nghe Bluetooth Apple AirPods Pro True Wireless - MWP22 - Hàng Chính Hãng VN/A\" src=\"https://salt.tikicdn.com/ts/tmp/e3/81/6a/16eb555c1ec544d8106d68a8647124f4.JPG\" style=\"border-style:none; box-sizing:border-box; display:block; height:657px; margin:0px auto; max-width:100%; width:750px\" /></p>\r\n\r\n<h5 style=\"text-align:center\">Chíp H1giúp tùy chỉnh âm thanh</h5>\r\n\r\n<p style=\"text-align:center\">Ngoài ra, Apple AirPods Pro còn bộ khuếch đại cấp nguồn kết hợp với chip H1 giúp loại bỏ nền nhiễu, kiểm soát mức độ nghe. Bộ khuếch đại dải động giúp tạo ra âm thanh thuần khiết, rõ ràng cùng khả năng kéo dài tuổi thọ pin. Hơn thế nữa, tai nghe bluetooth AirPods Pro còn sở hữu cổng micro lưới mở rộng giúp cải thiện độ rõ của cuộc gọi, âm thanh trong các tình huống gió.</p>', 0, 50, 0, 0, '<ul>\r\n	<li>Thiết kế thời trang và nhỏ gọn</li>\r\n	<li>Khả năng chống ồn – xử lý âm thanh vượt bậc</li>\r\n	<li>Tái tạo âm thanh chi tiết, sống động</li>\r\n	<li>Kết nối không dây Bluetooth tiện lợi</li>\r\n	<li>Trang bị tính năng theo dõi sức khỏe</li>\r\n	<li>Thời lượng pin cải thiện, lên đến 24 tiếng</li>\r\n	<li>Tương thích tối đa các thiết bị của Apple</li>\r\n</ul>');
INSERT INTO `products` (`id`, `name`, `alias`, `price`, `pro_sale`, `pro_active`, `pro_hot`, `image`, `cate_id`, `created_at`, `updated_at`, `pro_content`, `pro_pay`, `pro_number`, `pro_total_rating`, `pro_total_number`, `description`) VALUES
(22, 'Mic Bluetooth Apple', 'mic-bluetooth-apple', 2000000, 10, 1, 0, '2.jpg', 5, '2020-05-13 09:04:42', '2020-05-13 09:04:42', '<h5 style=\"text-align:center\">AirPods Pro sở hữu thiết kế nhỏ gọn</h5>\r\n\r\n<p style=\"text-align:center\">Tai Nghe Bluetooth Apple AirPods Pro True Wireless - MWP22 được thiết kế như một tai nghe in-ear thay vì earbud toàn khung nhựa 100% như ở các phiên bản cũ, trọng lượng chỉ 5.4g và 45,6 gram cả hộp.</p>\r\n\r\n<p style=\"text-align:center\"><img alt=\"Tai Nghe Bluetooth Apple AirPods Pro True Wireless - MWP22 - Hàng Chính Hãng VN/A\" src=\"https://salt.tikicdn.com/ts/tmp/4d/8d/be/bf504619471cb446d2e147a1536aeddd.JPG\" style=\"border-style:none; box-sizing:border-box; display:block; height:750px; margin:0px auto; max-width:100%; width:750px\" /></p>\r\n\r\n<p style=\"text-align:center\">Cùng với 3 mút silicon mềm giúp AirPods Pro không chỉ giúp tai nghe trở nên sang trọng hơn và còn giúp tai nghe bám chắc vào tai, khả năng cách âm tốt cũng như phù hợp với nhiều kích thước tai khác nhau.</p>\r\n\r\n<p style=\"text-align:center\"><img alt=\"Tai Nghe Bluetooth Apple AirPods Pro True Wireless - MWP22 - Hàng Chính Hãng VN/A\" src=\"https://salt.tikicdn.com/ts/tmp/1a/dd/88/994494ac0e40ff460238b98c03d35402.JPG\" style=\"border-style:none; box-sizing:border-box; display:block; height:750px; margin:0px auto; max-width:100%; width:750px\" /></p>\r\n\r\n<h5 style=\"text-align:center\">Âm thanh rõ nét với công nghệ khử tiếng ồn chủ động</h5>\r\n\r\n<p style=\"text-align:center\">AirPods Pro thiết kế một micro hướng ra ngoài giúp phát hiện âm thanh. Sau khi phát hiện âm thanh, AirPods Pro ngay lập tức sẽ loại bỏ âm thanh bên ngoài đó trước khi bạn nghe thấy nó. Một micrô hướng vào bên trong giúp lắng nghe những âm thanh bên trong tai bạn. Tương tự với micro hướng ra bên ngoài, micro bên trong cũng kiểm tra những âm thanh không mong muốn và loại bỏ chúng.</p>\r\n\r\n<p style=\"text-align:center\">Tính năng khử tiếng ồn được điểu chỉnh liên tục với tần suất 200 lần mỗi giây. Nhờ vậy âm thanh cuối cùng bạn nghe được sẽ là những âm thanh trong trẻo, chất lượng nhất.</p>\r\n\r\n<p style=\"text-align:center\"><img alt=\"Tai Nghe Bluetooth Apple AirPods Pro True Wireless - MWP22 - Hàng Chính Hãng VN/A\" src=\"https://salt.tikicdn.com/ts/tmp/fc/67/80/a8300b0ac1bddfd3414fd3b8f34e7187.JPG\" style=\"border-style:none; box-sizing:border-box; display:block; height:750px; margin:0px auto; max-width:100%; width:750px\" /></p>\r\n\r\n<p style=\"text-align:center\">Một tính năng thông minh của AirPods Pro đó chỉnh là sử chuyển đổi giữa chế độ khử tiếng ồn chủ động và chế độ trong suốt. Với những lúc bạn có nhu cầu nghe cả những âm thanh đang xảy ra xung quanh. Việc đơn giản bạn cần làm là nhấn giữ cảm biến lực trên thân tai nghe để chuyển đổi giữa hai chế độ. Với chế độ trong suốt, bạn có thể nghe được cùng lúc âm thanh bên trong cũng như âm thanh bên ngoài, thoải mái nói chuyện với mọi người xung quanh.</p>\r\n\r\n<p style=\"text-align:center\"><img alt=\"Tai Nghe Bluetooth Apple AirPods Pro True Wireless - MWP22 - Hàng Chính Hãng VN/A\" src=\"https://salt.tikicdn.com/ts/tmp/41/5a/6e/58b3987887527b56646b7e61bcbdcac5.JPG\" style=\"border-style:none; box-sizing:border-box; display:block; height:750px; margin:0px auto; max-width:100%; width:750px\" /></p>\r\n\r\n<h5 style=\"text-align:center\">Dễ dàng kết nối với những thiết bị khác</h5>\r\n\r\n<p style=\"text-align:center\">Tai nghe Apple AirPods Pro vẫn sở hữu tính năng kết nối với iPhone hoặc Apple Watch như các mẫu tai nghe AirPods khác, kết nối bluetooth 5.0. Ngoài ra, tai nghe còn tính năng “Hey Hey Siri” giúp kiểm soát âm lượng, cuộc gọi, nghe nhạc và nhiều hơn thế nữa chỉ bằng giọng nói. Đồng thời, tai nghe còn có khả năng chi sẻ bài hát, podcast qua một tai nghe AirPods khác với tính năng chia sẻ âm thanh.</p>\r\n\r\n<p style=\"text-align:center\"><img alt=\"Tai Nghe Bluetooth Apple AirPods Pro True Wireless - MWP22 - Hàng Chính Hãng VN/A\" src=\"https://salt.tikicdn.com/ts/tmp/c8/20/97/d1df55006e6ce41db729efcd25c4bfe6.JPG\" style=\"border-style:none; box-sizing:border-box; display:block; height:750px; margin:0px auto; max-width:100%; width:750px\" /></p>\r\n\r\n<h5 style=\"text-align:center\"><img alt=\"\" src=\"data:image/gif;base64,R0lGODlhAQABAIAAAP///wAAACH5BAEAAAAALAAAAAABAAEAAAICRAEAOw==\" style=\"border-style:none; box-sizing:border-box; display:block; height:0px; margin:0px auto; max-width:100%; width:750px\" />Dung lượng pin lớn lên đến 5 giờ sử dụng</h5>\r\n\r\n<p style=\"text-align:center\">Với AirPods Pro với dung lượng pin cho thời gian sử dụng khá ấn tượng. Cụ thể với 1 lần sạc, tai nghe không dây AirPods Pro cho 4,5 giờ nghe nhạc, 3.5 tiếng đàm thoại. Ngoài ra, hộp sạc không dây giúp lưu trữ điện năng bổ sung năng lượng cho 24 giờ nghe nhạc, 18 giờ đàm thoại.</p>\r\n\r\n<p style=\"text-align:center\"><img alt=\"Tai Nghe Bluetooth Apple AirPods Pro True Wireless - MWP22 - Hàng Chính Hãng VN/A\" src=\"https://salt.tikicdn.com/ts/tmp/6e/07/ac/9a18f69a8942f583db1881d686ff01bf.JPG\" style=\"border-style:none; box-sizing:border-box; display:block; height:751px; margin:0px auto; max-width:100%; width:750px\" /></p>\r\n\r\n<h5 style=\"text-align:center\">Cảm biến lực giúp kiểm soát trên tai nghe cùng nhiều tính năng nâng cao: Siri, Ar</h5>\r\n\r\n<p style=\"text-align:center\">AirPods Pro với cảm biến lực giúp kiểm soát ngay trên tai nghe. Cụ thể, bạn cần nhấn 1 lần để phát, tạm dừng hoặc trả lời cuộc gọi điện thoại. Nhấn 2, 3 lần để bỏ qua, nhân và giữ để chuyển giữa chế độ khử tiếng ồn chủ động và chế độ trong suốt.</p>\r\n\r\n<p style=\"text-align:center\"><img alt=\"Tai Nghe Bluetooth Apple AirPods Pro True Wireless - MWP22 - Hàng Chính Hãng VN/A\" src=\"https://salt.tikicdn.com/ts/tmp/e3/81/6a/16eb555c1ec544d8106d68a8647124f4.JPG\" style=\"border-style:none; box-sizing:border-box; display:block; height:657px; margin:0px auto; max-width:100%; width:750px\" /></p>\r\n\r\n<h5 style=\"text-align:center\">Chíp H1giúp tùy chỉnh âm thanh</h5>\r\n\r\n<p style=\"text-align:center\">Ngoài ra, Apple AirPods Pro còn bộ khuếch đại cấp nguồn kết hợp với chip H1 giúp loại bỏ nền nhiễu, kiểm soát mức độ nghe. Bộ khuếch đại dải động giúp tạo ra âm thanh thuần khiết, rõ ràng cùng khả năng kéo dài tuổi thọ pin. Hơn thế nữa, tai nghe bluetooth AirPods Pro còn sở hữu cổng micro lưới mở rộng giúp cải thiện độ rõ của cuộc gọi, âm thanh trong các tình huống gió.</p>', 0, 50, 0, 0, '<ul>\r\n	<li>Thiết kế thời trang và nhỏ gọn</li>\r\n	<li>Khả năng chống ồn – xử lý âm thanh vượt bậc</li>\r\n	<li>Tái tạo âm thanh chi tiết, sống động</li>\r\n	<li>Kết nối không dây Bluetooth tiện lợi</li>\r\n	<li>Trang bị tính năng theo dõi sức khỏe</li>\r\n	<li>Thời lượng pin cải thiện, lên đến 24 tiếng</li>\r\n	<li>Tương thích tối đa các thiết bị của Apple</li>\r\n</ul>'),
(23, 'Điện Thoại iPhone 11 64GB - Hàng Chính Hãng', 'dien-thoai-iphone-11-64gb-hang-chinh-hang', 20000000, 30, 1, 0, '9yJd_samsung-galaxy-s20-plus-8gb-128gb-cty_1.jpg', 1, '2020-05-14 08:31:06', '2020-05-14 08:52:23', '<h5 style=\"text-align:justify\">Thiết kế đậm chất phá cách nhưng cũng không kém sang trọng</h5>\r\n\r\n<p style=\"text-align:justify\">Điện Thoại iPhone 11&nbsp;là sản phẩm kế nhiệm cho chiếc iPhone Xr từng dành được sự chú ý của giới công nghệ. Lần này, Apple vẫn đi theo những tiêu chỉ của Xr khi tạo ra iPhone 11. Đầu tiên là thiết kế trẻ trung có thể thấy được ngay trên sự đa dạng màu sắc. Hơn nhữa, những màu của iPhone 11 đều mang xu hướng phá cách, tinh nghịch. Nhưng đồng thời, màu sắc này cũng mang trong nó một sự sang trọng nhất định.</p>\r\n\r\n<p style=\"text-align:justify\"><img alt=\"Điện Thoại iPhone 11 64GB  - Hàng Nhập Khẩu Chính Hãng\" src=\"https://salt.tikicdn.com/ts/tmp/29/88/fb/7ad56e4987538ca4e98aa80a35698939.jpg\" style=\"border-style:none; box-sizing:border-box; display:block; height:421px; margin:0px auto; max-width:100%; width:750px\" /></p>\r\n\r\n<p style=\"text-align:justify\">Mặt trước vẫn là tai thỏ thời thượng như trên những thế hệ iPhone toàn màn hình trước. Tuy vậy, ở mặt sau đã có sự chuyển biến khi mà cụm camera kép mới được đặt trong một modul hình vuông. Thiết kế 2 mặt kính, kèm viền nhôm giúp iPhone 11 có trọng lượng nhẹ, nhưng đồng thời cũng cứng cáp. Phím tắt âm được thiết kế lại thành dạng tròn và có cơ cấu gạt xuống, phù hợp hơn trong quá trình sử dụng máy.</p>\r\n\r\n<p style=\"text-align:justify\"><img alt=\"\" src=\"https://salt.tikicdn.com/ts/tmp/85/b8/a4/1af3d7110e93f2572a07d33ef9a416f4.jpg\" style=\"border-style:none; box-sizing:border-box; display:block; height:421px; margin:0px auto; max-width:100%; width:750px\" /></p>\r\n\r\n<h5 style=\"text-align:justify\">Màn hình Liquid Retina được đánh giá là tấm nền LCD tốt nhất</h5>\r\n\r\n<p style=\"text-align:justify\">Màn hình LCD của iPhone 11 có cái tên là Liquid Retina với độ phân giải HD+. Màn hình này cho phép iPhone 11 có độ sáng tốt hơn, kèm theo đó thì với chuẩn Retina của Apple thì máy có khả năng tái hiện màu thực sự tốt. Kể cả trong những điều kiện môi trường với độ sáng gắt. Thêm vào đó, màn hình rộng cũng cho phép iPhone 11 hiển thị nhiều thông tin hơn mà lại không bị quá to để gây khó chịu khi sử dụng.</p>\r\n\r\n<p style=\"text-align:justify\"><img alt=\"Điện Thoại iPhone 11 64GB  - Hàng Nhập Khẩu Chính Hãng\" src=\"https://salt.tikicdn.com/ts/tmp/b2/fd/2a/80fa719f89dfb1356b8582f0d1b77e2f.jpg\" style=\"border-style:none; box-sizing:border-box; display:block; height:562px; margin:0px auto; max-width:100%; width:750px\" /></p>\r\n\r\n<h5 style=\"text-align:justify\">Apple-A13 khẳng định vị thế vi xử lý</h5>\r\n\r\n<p style=\"text-align:justify\">Con chip mới nhất của Apple – A13 bionic sẽ cung cấp sức mạnh cho iPhone 11. Những con chip A luôn có chỗ đứng nhất định trong thế giới công nghệ. Và với A13, Apple đã một lần nữa khẳng định vị thế trong mảng bán dẫn của hãng. Với Neural engine được trang bị 1 nhân riêng, khả năng machine learning và AI của Apple gần như là hoàn hảo. iPhone 11 có thể học được thói quen của người dùng và từ đó thiết lập thiết bị sao cho phù hợp nhất.</p>', 0, 50, 0, 0, '<ul>\r\n	<li>Nguyên seal, Mới 100%, Chưa Active</li>\r\n	<li>Công nghệ màn hình: IPS LCD</li>\r\n	<li>Độ phân giải: 828 x 1792 pixels</li>\r\n	<li>Màn hình rộng: 6.1 inches</li>\r\n	<li>Camera sau: 12 MP + 12 MP</li>\r\n	<li>Quay phim: 2160p@24/30/60fps, 1080p@30/60/120/240fps, HDR, stereo sound rec.</li>\r\n	<li>Camera trước: 12 MP, f/2.2</li>\r\n	<li>Hệ điều hành: iOS 13</li>\r\n</ul>'),
(24, 'Điện Thoại iPhone 10 64GB - Hàng Chính Hãng', 'dien-thoai-iphone-10-64gb-hang-chinh-hang', 10000000, 20, 1, 0, 'tlD4_12.jpg', 1, '2020-05-14 08:32:43', '2020-05-14 08:51:51', '<h5 style=\"text-align:justify\">Thiết kế đậm chất phá cách nhưng cũng không kém sang trọng</h5>\r\n\r\n<p style=\"text-align:justify\">Điện Thoại iPhone 11&nbsp;là sản phẩm kế nhiệm cho chiếc iPhone Xr từng dành được sự chú ý của giới công nghệ. Lần này, Apple vẫn đi theo những tiêu chỉ của Xr khi tạo ra iPhone 11. Đầu tiên là thiết kế trẻ trung có thể thấy được ngay trên sự đa dạng màu sắc. Hơn nhữa, những màu của iPhone 11 đều mang xu hướng phá cách, tinh nghịch. Nhưng đồng thời, màu sắc này cũng mang trong nó một sự sang trọng nhất định.</p>\r\n\r\n<p style=\"text-align:justify\"><img alt=\"Điện Thoại iPhone 11 64GB  - Hàng Nhập Khẩu Chính Hãng\" src=\"https://salt.tikicdn.com/ts/tmp/29/88/fb/7ad56e4987538ca4e98aa80a35698939.jpg\" style=\"border-style:none; box-sizing:border-box; display:block; height:421px; margin:0px auto; max-width:100%; width:750px\" /></p>\r\n\r\n<p style=\"text-align:justify\">Mặt trước vẫn là tai thỏ thời thượng như trên những thế hệ iPhone toàn màn hình trước. Tuy vậy, ở mặt sau đã có sự chuyển biến khi mà cụm camera kép mới được đặt trong một modul hình vuông. Thiết kế 2 mặt kính, kèm viền nhôm giúp iPhone 11 có trọng lượng nhẹ, nhưng đồng thời cũng cứng cáp. Phím tắt âm được thiết kế lại thành dạng tròn và có cơ cấu gạt xuống, phù hợp hơn trong quá trình sử dụng máy.</p>\r\n\r\n<p style=\"text-align:justify\"><img alt=\"\" src=\"https://salt.tikicdn.com/ts/tmp/85/b8/a4/1af3d7110e93f2572a07d33ef9a416f4.jpg\" style=\"border-style:none; box-sizing:border-box; display:block; height:421px; margin:0px auto; max-width:100%; width:750px\" /></p>\r\n\r\n<h5 style=\"text-align:justify\">Màn hình Liquid Retina được đánh giá là tấm nền LCD tốt nhất</h5>\r\n\r\n<p style=\"text-align:justify\">Màn hình LCD của iPhone 11 có cái tên là Liquid Retina với độ phân giải HD+. Màn hình này cho phép iPhone 11 có độ sáng tốt hơn, kèm theo đó thì với chuẩn Retina của Apple thì máy có khả năng tái hiện màu thực sự tốt. Kể cả trong những điều kiện môi trường với độ sáng gắt. Thêm vào đó, màn hình rộng cũng cho phép iPhone 11 hiển thị nhiều thông tin hơn mà lại không bị quá to để gây khó chịu khi sử dụng.</p>\r\n\r\n<p style=\"text-align:justify\"><img alt=\"Điện Thoại iPhone 11 64GB  - Hàng Nhập Khẩu Chính Hãng\" src=\"https://salt.tikicdn.com/ts/tmp/b2/fd/2a/80fa719f89dfb1356b8582f0d1b77e2f.jpg\" style=\"border-style:none; box-sizing:border-box; display:block; height:562px; margin:0px auto; max-width:100%; width:750px\" /></p>\r\n\r\n<h5 style=\"text-align:justify\">Apple-A13 khẳng định vị thế vi xử lý</h5>\r\n\r\n<p style=\"text-align:justify\">Con chip mới nhất của Apple – A13 bionic sẽ cung cấp sức mạnh cho iPhone 11. Những con chip A luôn có chỗ đứng nhất định trong thế giới công nghệ. Và với A13, Apple đã một lần nữa khẳng định vị thế trong mảng bán dẫn của hãng. Với Neural engine được trang bị 1 nhân riêng, khả năng machine learning và AI của Apple gần như là hoàn hảo. iPhone 11 có thể học được thói quen của người dùng và từ đó thiết lập thiết bị sao cho phù hợp nhất.</p>', 0, 50, 0, 0, '<ul>\r\n	<li>Nguyên seal, Mới 100%, Chưa Active</li>\r\n	<li>Công nghệ màn hình: IPS LCD</li>\r\n	<li>Độ phân giải: 828 x 1792 pixels</li>\r\n	<li>Màn hình rộng: 6.1 inches</li>\r\n	<li>Camera sau: 12 MP + 12 MP</li>\r\n	<li>Quay phim: 2160p@24/30/60fps, 1080p@30/60/120/240fps, HDR, stereo sound rec.</li>\r\n	<li>Camera trước: 12 MP, f/2.2</li>\r\n	<li>Hệ điều hành: iOS 13</li>\r\n</ul>'),
(25, 'Điện Thoại iPhone 8 64GB - Hàng Chính Hãng', 'dien-thoai-iphone-8-64gb-hang-chinh-hang', 5000000, 5, 1, 0, 'yuIu_images.jpg', 1, '2020-05-14 08:34:03', '2020-05-14 08:34:03', '<h5 style=\"text-align:justify\">Thiết kế đậm chất phá cách nhưng cũng không kém sang trọng</h5>\r\n\r\n<p style=\"text-align:justify\">Điện Thoại iPhone 11&nbsp;là sản phẩm kế nhiệm cho chiếc iPhone Xr từng dành được sự chú ý của giới công nghệ. Lần này, Apple vẫn đi theo những tiêu chỉ của Xr khi tạo ra iPhone 11. Đầu tiên là thiết kế trẻ trung có thể thấy được ngay trên sự đa dạng màu sắc. Hơn nhữa, những màu của iPhone 11 đều mang xu hướng phá cách, tinh nghịch. Nhưng đồng thời, màu sắc này cũng mang trong nó một sự sang trọng nhất định.</p>\r\n\r\n<p style=\"text-align:justify\"><img alt=\"Điện Thoại iPhone 11 64GB  - Hàng Nhập Khẩu Chính Hãng\" src=\"https://salt.tikicdn.com/ts/tmp/29/88/fb/7ad56e4987538ca4e98aa80a35698939.jpg\" style=\"border-style:none; box-sizing:border-box; display:block; height:421px; margin:0px auto; max-width:100%; width:750px\" /></p>\r\n\r\n<p style=\"text-align:justify\">Mặt trước vẫn là tai thỏ thời thượng như trên những thế hệ iPhone toàn màn hình trước. Tuy vậy, ở mặt sau đã có sự chuyển biến khi mà cụm camera kép mới được đặt trong một modul hình vuông. Thiết kế 2 mặt kính, kèm viền nhôm giúp iPhone 11 có trọng lượng nhẹ, nhưng đồng thời cũng cứng cáp. Phím tắt âm được thiết kế lại thành dạng tròn và có cơ cấu gạt xuống, phù hợp hơn trong quá trình sử dụng máy.</p>\r\n\r\n<p style=\"text-align:justify\"><img alt=\"\" src=\"https://salt.tikicdn.com/ts/tmp/85/b8/a4/1af3d7110e93f2572a07d33ef9a416f4.jpg\" style=\"border-style:none; box-sizing:border-box; display:block; height:421px; margin:0px auto; max-width:100%; width:750px\" /></p>\r\n\r\n<h5 style=\"text-align:justify\">Màn hình Liquid Retina được đánh giá là tấm nền LCD tốt nhất</h5>\r\n\r\n<p style=\"text-align:justify\">Màn hình LCD của iPhone 11 có cái tên là Liquid Retina với độ phân giải HD+. Màn hình này cho phép iPhone 11 có độ sáng tốt hơn, kèm theo đó thì với chuẩn Retina của Apple thì máy có khả năng tái hiện màu thực sự tốt. Kể cả trong những điều kiện môi trường với độ sáng gắt. Thêm vào đó, màn hình rộng cũng cho phép iPhone 11 hiển thị nhiều thông tin hơn mà lại không bị quá to để gây khó chịu khi sử dụng.</p>\r\n\r\n<p style=\"text-align:justify\"><img alt=\"Điện Thoại iPhone 11 64GB  - Hàng Nhập Khẩu Chính Hãng\" src=\"https://salt.tikicdn.com/ts/tmp/b2/fd/2a/80fa719f89dfb1356b8582f0d1b77e2f.jpg\" style=\"border-style:none; box-sizing:border-box; display:block; height:562px; margin:0px auto; max-width:100%; width:750px\" /></p>\r\n\r\n<h5 style=\"text-align:justify\">Apple-A13 khẳng định vị thế vi xử lý</h5>\r\n\r\n<p style=\"text-align:justify\">Con chip mới nhất của Apple – A13 bionic sẽ cung cấp sức mạnh cho iPhone 11. Những con chip A luôn có chỗ đứng nhất định trong thế giới công nghệ. Và với A13, Apple đã một lần nữa khẳng định vị thế trong mảng bán dẫn của hãng. Với Neural engine được trang bị 1 nhân riêng, khả năng machine learning và AI của Apple gần như là hoàn hảo. iPhone 11 có thể học được thói quen của người dùng và từ đó thiết lập thiết bị sao cho phù hợp nhất.</p>', 0, 50, 0, 0, '<ul>\r\n	<li>Nguyên seal, Mới 100%, Chưa Active</li>\r\n	<li>Công nghệ màn hình: IPS LCD</li>\r\n	<li>Độ phân giải: 828 x 1792 pixels</li>\r\n	<li>Màn hình rộng: 6.1 inches</li>\r\n	<li>Camera sau: 12 MP + 12 MP</li>\r\n	<li>Quay phim: 2160p@24/30/60fps, 1080p@30/60/120/240fps, HDR, stereo sound rec.</li>\r\n	<li>Camera trước: 12 MP, f/2.2</li>\r\n	<li>Hệ điều hành: iOS 13</li>\r\n</ul>'),
(26, 'Điện Thoại iPhone 5 64GB - Hàng Chính Hãng', 'dien-thoai-iphone-5-64gb-hang-chinh-hang', 3000000, 10, 1, 0, 'wLW8_jKm4_8.jpg', 1, '2020-05-14 08:35:09', '2020-05-14 08:50:27', '<h5 style=\"text-align:justify\">Thiết kế đậm chất phá cách nhưng cũng không kém sang trọng</h5>\r\n\r\n<p style=\"text-align:justify\">Điện Thoại iPhone 11&nbsp;là sản phẩm kế nhiệm cho chiếc iPhone Xr từng dành được sự chú ý của giới công nghệ. Lần này, Apple vẫn đi theo những tiêu chỉ của Xr khi tạo ra iPhone 11. Đầu tiên là thiết kế trẻ trung có thể thấy được ngay trên sự đa dạng màu sắc. Hơn nhữa, những màu của iPhone 11 đều mang xu hướng phá cách, tinh nghịch. Nhưng đồng thời, màu sắc này cũng mang trong nó một sự sang trọng nhất định.</p>\r\n\r\n<p style=\"text-align:justify\"><img alt=\"Điện Thoại iPhone 11 64GB  - Hàng Nhập Khẩu Chính Hãng\" src=\"https://salt.tikicdn.com/ts/tmp/29/88/fb/7ad56e4987538ca4e98aa80a35698939.jpg\" style=\"border-style:none; box-sizing:border-box; display:block; height:421px; margin:0px auto; max-width:100%; width:750px\" /></p>\r\n\r\n<p style=\"text-align:justify\">Mặt trước vẫn là tai thỏ thời thượng như trên những thế hệ iPhone toàn màn hình trước. Tuy vậy, ở mặt sau đã có sự chuyển biến khi mà cụm camera kép mới được đặt trong một modul hình vuông. Thiết kế 2 mặt kính, kèm viền nhôm giúp iPhone 11 có trọng lượng nhẹ, nhưng đồng thời cũng cứng cáp. Phím tắt âm được thiết kế lại thành dạng tròn và có cơ cấu gạt xuống, phù hợp hơn trong quá trình sử dụng máy.</p>\r\n\r\n<p style=\"text-align:justify\"><img alt=\"\" src=\"https://salt.tikicdn.com/ts/tmp/85/b8/a4/1af3d7110e93f2572a07d33ef9a416f4.jpg\" style=\"border-style:none; box-sizing:border-box; display:block; height:421px; margin:0px auto; max-width:100%; width:750px\" /></p>\r\n\r\n<h5 style=\"text-align:justify\">Màn hình Liquid Retina được đánh giá là tấm nền LCD tốt nhất</h5>\r\n\r\n<p style=\"text-align:justify\">Màn hình LCD của iPhone 11 có cái tên là Liquid Retina với độ phân giải HD+. Màn hình này cho phép iPhone 11 có độ sáng tốt hơn, kèm theo đó thì với chuẩn Retina của Apple thì máy có khả năng tái hiện màu thực sự tốt. Kể cả trong những điều kiện môi trường với độ sáng gắt. Thêm vào đó, màn hình rộng cũng cho phép iPhone 11 hiển thị nhiều thông tin hơn mà lại không bị quá to để gây khó chịu khi sử dụng.</p>\r\n\r\n<p style=\"text-align:justify\"><img alt=\"Điện Thoại iPhone 11 64GB  - Hàng Nhập Khẩu Chính Hãng\" src=\"https://salt.tikicdn.com/ts/tmp/b2/fd/2a/80fa719f89dfb1356b8582f0d1b77e2f.jpg\" style=\"border-style:none; box-sizing:border-box; display:block; height:562px; margin:0px auto; max-width:100%; width:750px\" /></p>\r\n\r\n<h5 style=\"text-align:justify\">Apple-A13 khẳng định vị thế vi xử lý</h5>\r\n\r\n<p style=\"text-align:justify\">Con chip mới nhất của Apple – A13 bionic sẽ cung cấp sức mạnh cho iPhone 11. Những con chip A luôn có chỗ đứng nhất định trong thế giới công nghệ. Và với A13, Apple đã một lần nữa khẳng định vị thế trong mảng bán dẫn của hãng. Với Neural engine được trang bị 1 nhân riêng, khả năng machine learning và AI của Apple gần như là hoàn hảo. iPhone 11 có thể học được thói quen của người dùng và từ đó thiết lập thiết bị sao cho phù hợp nhất.</p>', 0, 50, 0, 0, '<ul>\r\n	<li>Nguyên seal, Mới 100%, Chưa Active</li>\r\n	<li>Công nghệ màn hình: IPS LCD</li>\r\n	<li>Độ phân giải: 828 x 1792 pixels</li>\r\n	<li>Màn hình rộng: 6.1 inches</li>\r\n	<li>Camera sau: 12 MP + 12 MP</li>\r\n	<li>Quay phim: 2160p@24/30/60fps, 1080p@30/60/120/240fps, HDR, stereo sound rec.</li>\r\n	<li>Camera trước: 12 MP, f/2.2</li>\r\n	<li>Hệ điều hành: iOS 13</li>\r\n</ul>'),
(27, 'Điện Thoại iPhone 4 64GB - Hàng Chính Hãng', 'dien-thoai-iphone-4-64gb-hang-chinh-hang', 4000000, 20, 1, 0, 'SMEp_10.jpg', 1, '2020-05-14 08:36:16', '2020-05-14 08:49:53', '<h5 style=\"text-align:justify\">Thiết kế đậm chất phá cách nhưng cũng không kém sang trọng</h5>\r\n\r\n<p style=\"text-align:justify\">Điện Thoại iPhone 11&nbsp;là sản phẩm kế nhiệm cho chiếc iPhone Xr từng dành được sự chú ý của giới công nghệ. Lần này, Apple vẫn đi theo những tiêu chỉ của Xr khi tạo ra iPhone 11. Đầu tiên là thiết kế trẻ trung có thể thấy được ngay trên sự đa dạng màu sắc. Hơn nhữa, những màu của iPhone 11 đều mang xu hướng phá cách, tinh nghịch. Nhưng đồng thời, màu sắc này cũng mang trong nó một sự sang trọng nhất định.</p>\r\n\r\n<p style=\"text-align:justify\"><img alt=\"Điện Thoại iPhone 11 64GB  - Hàng Nhập Khẩu Chính Hãng\" src=\"https://salt.tikicdn.com/ts/tmp/29/88/fb/7ad56e4987538ca4e98aa80a35698939.jpg\" style=\"border-style:none; box-sizing:border-box; display:block; height:421px; margin:0px auto; max-width:100%; width:750px\" /></p>\r\n\r\n<p style=\"text-align:justify\">Mặt trước vẫn là tai thỏ thời thượng như trên những thế hệ iPhone toàn màn hình trước. Tuy vậy, ở mặt sau đã có sự chuyển biến khi mà cụm camera kép mới được đặt trong một modul hình vuông. Thiết kế 2 mặt kính, kèm viền nhôm giúp iPhone 11 có trọng lượng nhẹ, nhưng đồng thời cũng cứng cáp. Phím tắt âm được thiết kế lại thành dạng tròn và có cơ cấu gạt xuống, phù hợp hơn trong quá trình sử dụng máy.</p>\r\n\r\n<p style=\"text-align:justify\"><img alt=\"\" src=\"https://salt.tikicdn.com/ts/tmp/85/b8/a4/1af3d7110e93f2572a07d33ef9a416f4.jpg\" style=\"border-style:none; box-sizing:border-box; display:block; height:421px; margin:0px auto; max-width:100%; width:750px\" /></p>\r\n\r\n<h5 style=\"text-align:justify\">Màn hình Liquid Retina được đánh giá là tấm nền LCD tốt nhất</h5>\r\n\r\n<p style=\"text-align:justify\">Màn hình LCD của iPhone 11 có cái tên là Liquid Retina với độ phân giải HD+. Màn hình này cho phép iPhone 11 có độ sáng tốt hơn, kèm theo đó thì với chuẩn Retina của Apple thì máy có khả năng tái hiện màu thực sự tốt. Kể cả trong những điều kiện môi trường với độ sáng gắt. Thêm vào đó, màn hình rộng cũng cho phép iPhone 11 hiển thị nhiều thông tin hơn mà lại không bị quá to để gây khó chịu khi sử dụng.</p>\r\n\r\n<p style=\"text-align:justify\"><img alt=\"Điện Thoại iPhone 11 64GB  - Hàng Nhập Khẩu Chính Hãng\" src=\"https://salt.tikicdn.com/ts/tmp/b2/fd/2a/80fa719f89dfb1356b8582f0d1b77e2f.jpg\" style=\"border-style:none; box-sizing:border-box; display:block; height:562px; margin:0px auto; max-width:100%; width:750px\" /></p>\r\n\r\n<h5 style=\"text-align:justify\">Apple-A13 khẳng định vị thế vi xử lý</h5>\r\n\r\n<p style=\"text-align:justify\">Con chip mới nhất của Apple – A13 bionic sẽ cung cấp sức mạnh cho iPhone 11. Những con chip A luôn có chỗ đứng nhất định trong thế giới công nghệ. Và với A13, Apple đã một lần nữa khẳng định vị thế trong mảng bán dẫn của hãng. Với Neural engine được trang bị 1 nhân riêng, khả năng machine learning và AI của Apple gần như là hoàn hảo. iPhone 11 có thể học được thói quen của người dùng và từ đó thiết lập thiết bị sao cho phù hợp nhất.</p>', 0, 50, 0, 0, '<ul>\r\n	<li>Nguyên seal, Mới 100%, Chưa Active</li>\r\n	<li>Công nghệ màn hình: IPS LCD</li>\r\n	<li>Độ phân giải: 828 x 1792 pixels</li>\r\n	<li>Màn hình rộng: 6.1 inches</li>\r\n	<li>Camera sau: 12 MP + 12 MP</li>\r\n	<li>Quay phim: 2160p@24/30/60fps, 1080p@30/60/120/240fps, HDR, stereo sound rec.</li>\r\n	<li>Camera trước: 12 MP, f/2.2</li>\r\n	<li>Hệ điều hành: iOS 13</li>\r\n</ul>'),
(28, 'Điện Thoại iPhone 15 64GB - Hàng Chính Hãng', 'dien-thoai-iphone-15-64gb-hang-chinh-hang', 6000000, 0, 1, 0, '9Hjp_9.jpg', 1, '2020-05-14 08:37:35', '2020-05-14 08:56:58', '<h5 style=\"text-align:justify\">Thiết kế đậm chất phá cách nhưng cũng không kém sang trọng</h5>\r\n\r\n<p style=\"text-align:justify\">Điện Thoại iPhone 11&nbsp;là sản phẩm kế nhiệm cho chiếc iPhone Xr từng dành được sự chú ý của giới công nghệ. Lần này, Apple vẫn đi theo những tiêu chỉ của Xr khi tạo ra iPhone 11. Đầu tiên là thiết kế trẻ trung có thể thấy được ngay trên sự đa dạng màu sắc. Hơn nhữa, những màu của iPhone 11 đều mang xu hướng phá cách, tinh nghịch. Nhưng đồng thời, màu sắc này cũng mang trong nó một sự sang trọng nhất định.</p>\r\n\r\n<p style=\"text-align:justify\"><img alt=\"Điện Thoại iPhone 11 64GB  - Hàng Nhập Khẩu Chính Hãng\" src=\"https://salt.tikicdn.com/ts/tmp/29/88/fb/7ad56e4987538ca4e98aa80a35698939.jpg\" style=\"border-style:none; box-sizing:border-box; display:block; height:421px; margin:0px auto; max-width:100%; width:750px\" /></p>\r\n\r\n<p style=\"text-align:justify\">Mặt trước vẫn là tai thỏ thời thượng như trên những thế hệ iPhone toàn màn hình trước. Tuy vậy, ở mặt sau đã có sự chuyển biến khi mà cụm camera kép mới được đặt trong một modul hình vuông. Thiết kế 2 mặt kính, kèm viền nhôm giúp iPhone 11 có trọng lượng nhẹ, nhưng đồng thời cũng cứng cáp. Phím tắt âm được thiết kế lại thành dạng tròn và có cơ cấu gạt xuống, phù hợp hơn trong quá trình sử dụng máy.</p>\r\n\r\n<p style=\"text-align:justify\"><img alt=\"\" src=\"https://salt.tikicdn.com/ts/tmp/85/b8/a4/1af3d7110e93f2572a07d33ef9a416f4.jpg\" style=\"border-style:none; box-sizing:border-box; display:block; height:421px; margin:0px auto; max-width:100%; width:750px\" /></p>\r\n\r\n<h5 style=\"text-align:justify\">Màn hình Liquid Retina được đánh giá là tấm nền LCD tốt nhất</h5>\r\n\r\n<p style=\"text-align:justify\">Màn hình LCD của iPhone 11 có cái tên là Liquid Retina với độ phân giải HD+. Màn hình này cho phép iPhone 11 có độ sáng tốt hơn, kèm theo đó thì với chuẩn Retina của Apple thì máy có khả năng tái hiện màu thực sự tốt. Kể cả trong những điều kiện môi trường với độ sáng gắt. Thêm vào đó, màn hình rộng cũng cho phép iPhone 11 hiển thị nhiều thông tin hơn mà lại không bị quá to để gây khó chịu khi sử dụng.</p>\r\n\r\n<p style=\"text-align:justify\"><img alt=\"Điện Thoại iPhone 11 64GB  - Hàng Nhập Khẩu Chính Hãng\" src=\"https://salt.tikicdn.com/ts/tmp/b2/fd/2a/80fa719f89dfb1356b8582f0d1b77e2f.jpg\" style=\"border-style:none; box-sizing:border-box; display:block; height:562px; margin:0px auto; max-width:100%; width:750px\" /></p>\r\n\r\n<h5 style=\"text-align:justify\">Apple-A13 khẳng định vị thế vi xử lý</h5>\r\n\r\n<p style=\"text-align:justify\">Con chip mới nhất của Apple – A13 bionic sẽ cung cấp sức mạnh cho iPhone 11. Những con chip A luôn có chỗ đứng nhất định trong thế giới công nghệ. Và với A13, Apple đã một lần nữa khẳng định vị thế trong mảng bán dẫn của hãng. Với Neural engine được trang bị 1 nhân riêng, khả năng machine learning và AI của Apple gần như là hoàn hảo. iPhone 11 có thể học được thói quen của người dùng và từ đó thiết lập thiết bị sao cho phù hợp nhất.</p>', 0, 50, 0, 0, '<ul>\r\n	<li>Nguyên seal, Mới 100%, Chưa Active</li>\r\n	<li>Công nghệ màn hình: IPS LCD</li>\r\n	<li>Độ phân giải: 828 x 1792 pixels</li>\r\n	<li>Màn hình rộng: 6.1 inches</li>\r\n	<li>Camera sau: 12 MP + 12 MP</li>\r\n	<li>Quay phim: 2160p@24/30/60fps, 1080p@30/60/120/240fps, HDR, stereo sound rec.</li>\r\n	<li>Camera trước: 12 MP, f/2.2</li>\r\n	<li>Hệ điều hành: iOS 13</li>\r\n</ul>');

-- --------------------------------------------------------

--
-- Cấu trúc bảng cho bảng `product_images`
--

CREATE TABLE `product_images` (
  `id` int(10) UNSIGNED NOT NULL,
  `image` varchar(191) COLLATE utf8mb4_unicode_ci NOT NULL,
  `product_id` int(10) UNSIGNED NOT NULL,
  `created_at` timestamp NULL DEFAULT NULL,
  `updated_at` timestamp NULL DEFAULT NULL
) ENGINE=InnoDB DEFAULT CHARSET=utf8mb4 COLLATE=utf8mb4_unicode_ci;

--
-- Đang đổ dữ liệu cho bảng `product_images`
--

INSERT INTO `product_images` (`id`, `image`, `product_id`, `created_at`, `updated_at`) VALUES
(13, '12.jpg', 1, '2020-04-22 08:48:41', '2020-04-22 08:48:41'),
(14, '10.jpg', 1, '2020-04-22 08:48:48', '2020-04-22 08:48:48'),
(15, '1407944359.12.jpg', 1, '2020-04-22 08:48:48', '2020-04-22 08:48:48'),
(16, '9.jpg', 1, '2020-04-22 08:49:18', '2020-04-22 08:49:18'),
(17, '8.jpg', 1, '2020-04-22 08:50:03', '2020-04-22 08:50:03'),
(18, '84845_img6170.jpg', 11, '2020-05-13 08:40:16', '2020-05-13 08:40:16'),
(19, 'ge72-6qd-665xvn_1.u579.d20161031.t152422.714517.jpg', 11, '2020-05-13 08:40:31', '2020-05-13 08:40:31'),
(20, 'images (1).jpg', 11, '2020-05-13 08:40:31', '2020-05-13 08:40:31'),
(21, 'images.jpg', 11, '2020-05-13 08:40:31', '2020-05-13 08:40:31'),
(22, 'laptop-dell-vostro-3578-ngmpf21-core-i5-8250uwin10-156-hd-ti-tiki-300x300.jpg', 11, '2020-05-13 08:40:31', '2020-05-13 08:40:31'),
(23, 'xu-huong-chon-mua-laptop-01.jpg', 11, '2020-05-13 08:40:31', '2020-05-13 08:40:31'),
(25, '1240381267.ge72-6qd-665xvn_1.u579.d20161031.t152422.714517.jpg', 12, '2020-05-13 08:48:20', '2020-05-13 08:48:20'),
(26, '1614027021.images (1).jpg', 12, '2020-05-13 08:48:20', '2020-05-13 08:48:20'),
(27, '417494721.images.jpg', 12, '2020-05-13 08:48:21', '2020-05-13 08:48:21'),
(28, '781203480.laptop-dell-vostro-3578-ngmpf21-core-i5-8250uwin10-156-hd-ti-tiki-300x300.jpg', 12, '2020-05-13 08:48:21', '2020-05-13 08:48:21'),
(29, '258883198.xu-huong-chon-mua-laptop-01.jpg', 12, '2020-05-13 08:48:21', '2020-05-13 08:48:21'),
(30, '936168929.84845_img6170.jpg', 12, '2020-05-13 08:48:43', '2020-05-13 08:48:43'),
(31, '1283850796.images (1).jpg', 13, '2020-05-13 08:50:27', '2020-05-13 08:50:27'),
(32, '1891288861.84845_img6170.jpg', 13, '2020-05-13 08:50:28', '2020-05-13 08:50:28'),
(33, '1761981376.ge72-6qd-665xvn_1.u579.d20161031.t152422.714517.jpg', 13, '2020-05-13 08:50:28', '2020-05-13 08:50:28'),
(34, '828776406.images.jpg', 13, '2020-05-13 08:50:28', '2020-05-13 08:50:28'),
(35, '566462753.laptop-dell-vostro-3578-ngmpf21-core-i5-8250uwin10-156-hd-ti-tiki-300x300.jpg', 13, '2020-05-13 08:50:28', '2020-05-13 08:50:28'),
(36, '1463655492.xu-huong-chon-mua-laptop-01.jpg', 13, '2020-05-13 08:50:28', '2020-05-13 08:50:28'),
(37, '1795170761.images.jpg', 14, '2020-05-13 08:52:12', '2020-05-13 08:52:12'),
(38, '1971180795.84845_img6170.jpg', 14, '2020-05-13 08:52:12', '2020-05-13 08:52:12'),
(39, '1851480468.ge72-6qd-665xvn_1.u579.d20161031.t152422.714517.jpg', 14, '2020-05-13 08:52:12', '2020-05-13 08:52:12'),
(40, '655373881.images (1).jpg', 14, '2020-05-13 08:52:12', '2020-05-13 08:52:12'),
(41, '824012474.laptop-dell-vostro-3578-ngmpf21-core-i5-8250uwin10-156-hd-ti-tiki-300x300.jpg', 14, '2020-05-13 08:52:13', '2020-05-13 08:52:13'),
(42, '136769984.xu-huong-chon-mua-laptop-01.jpg', 14, '2020-05-13 08:52:13', '2020-05-13 08:52:13'),
(43, '217444363.laptop-dell-vostro-3578-ngmpf21-core-i5-8250uwin10-156-hd-ti-tiki-300x300.jpg', 15, '2020-05-13 08:53:32', '2020-05-13 08:53:32'),
(44, '1394546390.84845_img6170.jpg', 15, '2020-05-13 08:53:32', '2020-05-13 08:53:32'),
(45, '1395098561.ge72-6qd-665xvn_1.u579.d20161031.t152422.714517.jpg', 15, '2020-05-13 08:53:32', '2020-05-13 08:53:32'),
(46, '2130788049.images (1).jpg', 15, '2020-05-13 08:53:32', '2020-05-13 08:53:32'),
(47, '188735212.images.jpg', 15, '2020-05-13 08:53:32', '2020-05-13 08:53:32'),
(48, '129281756.xu-huong-chon-mua-laptop-01.jpg', 15, '2020-05-13 08:53:33', '2020-05-13 08:53:33'),
(49, '191934909.xu-huong-chon-mua-laptop-01.jpg', 16, '2020-05-13 08:55:00', '2020-05-13 08:55:00'),
(50, '1366692957.84845_img6170.jpg', 16, '2020-05-13 08:55:01', '2020-05-13 08:55:01'),
(51, '378239021.ge72-6qd-665xvn_1.u579.d20161031.t152422.714517.jpg', 16, '2020-05-13 08:55:01', '2020-05-13 08:55:01'),
(52, '1381908651.images (1).jpg', 16, '2020-05-13 08:55:01', '2020-05-13 08:55:01'),
(53, '994317826.images.jpg', 16, '2020-05-13 08:55:01', '2020-05-13 08:55:01'),
(54, '1049945430.laptop-dell-vostro-3578-ngmpf21-core-i5-8250uwin10-156-hd-ti-tiki-300x300.jpg', 16, '2020-05-13 08:55:01', '2020-05-13 08:55:01'),
(67, '758201662.7.jpg', 19, '2020-05-13 09:01:01', '2020-05-13 09:01:01'),
(68, '71907066.2.jpg', 19, '2020-05-13 09:01:01', '2020-05-13 09:01:01'),
(69, '941564698.5.jpg', 19, '2020-05-13 09:01:01', '2020-05-13 09:01:01'),
(70, '670461366.6.jpg', 19, '2020-05-13 09:01:01', '2020-05-13 09:01:01'),
(73, '1452716876.6.jpg', 20, '2020-05-13 09:02:32', '2020-05-13 09:02:32'),
(74, '1408210407.2.jpg', 20, '2020-05-13 09:02:32', '2020-05-13 09:02:32'),
(75, '594123688.5.jpg', 20, '2020-05-13 09:02:32', '2020-05-13 09:02:32'),
(76, '2147134526.7.jpg', 20, '2020-05-13 09:02:32', '2020-05-13 09:02:32'),
(79, '1312589655.5.jpg', 21, '2020-05-13 09:03:46', '2020-05-13 09:03:46'),
(80, '1656757955.2.jpg', 21, '2020-05-13 09:03:46', '2020-05-13 09:03:46'),
(81, '262069014.6.jpg', 21, '2020-05-13 09:03:46', '2020-05-13 09:03:46'),
(82, '794686352.7.jpg', 21, '2020-05-13 09:03:46', '2020-05-13 09:03:46'),
(85, '1642367743.2.jpg', 22, '2020-05-13 09:05:02', '2020-05-13 09:05:02'),
(86, '591157180.5.jpg', 22, '2020-05-13 09:05:02', '2020-05-13 09:05:02'),
(87, '1127287323.6.jpg', 22, '2020-05-13 09:05:02', '2020-05-13 09:05:02'),
(88, '258217985.7.jpg', 22, '2020-05-13 09:05:02', '2020-05-13 09:05:02'),
(91, '1048433429.9.jpg', 3, '2020-05-14 03:39:55', '2020-05-14 03:39:55'),
(92, '1863714421.8.jpg', 3, '2020-05-14 03:39:55', '2020-05-14 03:39:55'),
(93, '1287822049.10.jpg', 3, '2020-05-14 03:39:55', '2020-05-14 03:39:55'),
(94, '1324919956.12.jpg', 3, '2020-05-14 03:39:55', '2020-05-14 03:39:55'),
(95, 'dien-thoai-iphone-11-pro-max-3a.jpg', 3, '2020-05-14 03:39:56', '2020-05-14 03:39:56'),
(96, 'GS.000975_FEATURE_42587.jpg', 3, '2020-05-14 03:39:56', '2020-05-14 03:39:56'),
(97, '1186069409.8.jpg', 4, '2020-05-14 03:43:11', '2020-05-14 03:43:11'),
(98, '251581522.9.jpg', 4, '2020-05-14 03:43:11', '2020-05-14 03:43:11'),
(99, '741133137.10.jpg', 4, '2020-05-14 03:43:11', '2020-05-14 03:43:11'),
(100, '937888491.12.jpg', 4, '2020-05-14 03:43:11', '2020-05-14 03:43:11'),
(101, '705006748.dien-thoai-iphone-11-pro-max-3a.jpg', 4, '2020-05-14 03:43:11', '2020-05-14 03:43:11'),
(102, '50889293.GS.000975_FEATURE_42587.jpg', 4, '2020-05-14 03:43:12', '2020-05-14 03:43:12'),
(103, '968981884.GS.000975_FEATURE_42587.jpg', 6, '2020-05-14 08:21:50', '2020-05-14 08:21:50'),
(104, '270300329.8.jpg', 6, '2020-05-14 08:21:50', '2020-05-14 08:21:50'),
(105, '510874760.9.jpg', 6, '2020-05-14 08:21:50', '2020-05-14 08:21:50'),
(106, '776075858.10.jpg', 6, '2020-05-14 08:21:50', '2020-05-14 08:21:50'),
(107, '1982069716.12.jpg', 6, '2020-05-14 08:21:50', '2020-05-14 08:21:50'),
(108, '1775200854.dien-thoai-iphone-11-pro-max-3a.jpg', 6, '2020-05-14 08:21:50', '2020-05-14 08:21:50'),
(109, '1180382301.10.jpg', 5, '2020-05-14 08:22:24', '2020-05-14 08:22:24'),
(110, '349421881.8.jpg', 5, '2020-05-14 08:22:24', '2020-05-14 08:22:24'),
(111, '794519612.10.jpg', 5, '2020-05-14 08:22:24', '2020-05-14 08:22:24'),
(112, '228069849.12.jpg', 5, '2020-05-14 08:22:24', '2020-05-14 08:22:24'),
(113, '1853639475.dien-thoai-iphone-11-pro-max-3a.jpg', 5, '2020-05-14 08:22:24', '2020-05-14 08:22:24'),
(114, 'samsung-galaxy-s20-plus-8gb-128gb-cty_1.jpg', 5, '2020-05-14 08:22:25', '2020-05-14 08:22:25'),
(115, '50353172.samsung-galaxy-s20-plus-8gb-128gb-cty_1.jpg', 7, '2020-05-14 08:23:20', '2020-05-14 08:23:20'),
(116, '2142558067.8.jpg', 7, '2020-05-14 08:23:20', '2020-05-14 08:23:20'),
(117, '215992692.9.jpg', 7, '2020-05-14 08:23:20', '2020-05-14 08:23:20'),
(118, '1535315412.10.jpg', 7, '2020-05-14 08:23:20', '2020-05-14 08:23:20'),
(119, '978699969.12.jpg', 7, '2020-05-14 08:23:20', '2020-05-14 08:23:20'),
(120, '808390942.dien-thoai-iphone-11-pro-max-3a.jpg', 7, '2020-05-14 08:23:21', '2020-05-14 08:23:21'),
(121, '98727723.9.jpg', 8, '2020-05-14 08:24:49', '2020-05-14 08:24:49'),
(122, '1618983262.10.jpg', 8, '2020-05-14 08:24:49', '2020-05-14 08:24:49'),
(123, '1436260646.12.jpg', 8, '2020-05-14 08:24:49', '2020-05-14 08:24:49'),
(124, '979138254.dien-thoai-iphone-11-pro-max-3a.jpg', 8, '2020-05-14 08:24:50', '2020-05-14 08:24:50'),
(125, '1275307576.GS.000975_FEATURE_42587.jpg', 8, '2020-05-14 08:24:50', '2020-05-14 08:24:50'),
(126, '175554713.samsung-galaxy-s20-plus-8gb-128gb-cty_1.jpg', 8, '2020-05-14 08:24:50', '2020-05-14 08:24:50'),
(127, '2129958922.10.jpg', 9, '2020-05-14 08:25:33', '2020-05-14 08:25:33'),
(128, '271601689.8.jpg', 9, '2020-05-14 08:25:34', '2020-05-14 08:25:34'),
(129, '1986927742.9.jpg', 9, '2020-05-14 08:25:34', '2020-05-14 08:25:34'),
(130, '1791415854.12.jpg', 9, '2020-05-14 08:25:34', '2020-05-14 08:25:34'),
(131, '1346567654.dien-thoai-iphone-11-pro-max-3a.jpg', 9, '2020-05-14 08:25:34', '2020-05-14 08:25:34'),
(132, '850263347.GS.000975_FEATURE_42587.jpg', 9, '2020-05-14 08:25:34', '2020-05-14 08:25:34'),
(133, '2027795912.dien-thoai-iphone-11-pro-max-3a.jpg', 10, '2020-05-14 08:26:22', '2020-05-14 08:26:22'),
(134, '2020238743.8.jpg', 10, '2020-05-14 08:26:22', '2020-05-14 08:26:22'),
(135, '79425751.9.jpg', 10, '2020-05-14 08:26:22', '2020-05-14 08:26:22'),
(136, '1550905579.10.jpg', 10, '2020-05-14 08:26:22', '2020-05-14 08:26:22'),
(137, '1734131849.12.jpg', 10, '2020-05-14 08:26:22', '2020-05-14 08:26:22'),
(138, '1335569384.GS.000975_FEATURE_42587.jpg', 10, '2020-05-14 08:26:22', '2020-05-14 08:26:22'),
(181, '716930807.9.jpg', 28, '2020-05-14 08:47:51', '2020-05-14 08:47:51'),
(182, '1627094702.10.jpg', 28, '2020-05-14 08:47:51', '2020-05-14 08:47:51'),
(183, '2018433936.12.jpg', 28, '2020-05-14 08:47:51', '2020-05-14 08:47:51'),
(185, 'yuIu_images.jpg', 28, '2020-05-14 08:47:51', '2020-05-14 08:47:51'),
(186, '1426268398.10.jpg', 27, '2020-05-14 08:48:29', '2020-05-14 08:48:29'),
(187, '1514094060.9.jpg', 27, '2020-05-14 08:48:29', '2020-05-14 08:48:29'),
(188, '1586711371.12.jpg', 27, '2020-05-14 08:48:29', '2020-05-14 08:48:29'),
(190, '974654859.yuIu_images.jpg', 27, '2020-05-14 08:48:29', '2020-05-14 08:48:29'),
(191, '679008012.samsung-galaxy-s20-plus-8gb-128gb-cty_1.jpg', 28, '2020-05-14 08:49:35', '2020-05-14 08:49:35'),
(192, '1764757414.samsung-galaxy-s20-plus-8gb-128gb-cty_1.jpg', 27, '2020-05-14 08:49:52', '2020-05-14 08:49:52'),
(193, 'jKm4_8.jpg', 26, '2020-05-14 08:50:14', '2020-05-14 08:50:14'),
(194, '1286818994.9.jpg', 26, '2020-05-14 08:50:14', '2020-05-14 08:50:14'),
(195, '57726977.10.jpg', 26, '2020-05-14 08:50:15', '2020-05-14 08:50:15'),
(196, '1104178205.12.jpg', 26, '2020-05-14 08:50:15', '2020-05-14 08:50:15'),
(197, '843754288.samsung-galaxy-s20-plus-8gb-128gb-cty_1.jpg', 26, '2020-05-14 08:50:15', '2020-05-14 08:50:15'),
(198, '1770742532.yuIu_images.jpg', 26, '2020-05-14 08:50:15', '2020-05-14 08:50:15'),
(199, '1279734563.yuIu_images.jpg', 25, '2020-05-14 08:50:55', '2020-05-14 08:50:55'),
(200, '1437664385.9.jpg', 25, '2020-05-14 08:50:55', '2020-05-14 08:50:55'),
(201, '1691196192.10.jpg', 25, '2020-05-14 08:50:55', '2020-05-14 08:50:55'),
(202, '306975983.12.jpg', 25, '2020-05-14 08:50:55', '2020-05-14 08:50:55'),
(203, '1785482750.jKm4_8.jpg', 25, '2020-05-14 08:50:55', '2020-05-14 08:50:55'),
(204, '1929554177.samsung-galaxy-s20-plus-8gb-128gb-cty_1.jpg', 25, '2020-05-14 08:50:56', '2020-05-14 08:50:56'),
(205, '1327244381.12.jpg', 24, '2020-05-14 08:51:25', '2020-05-14 08:51:25'),
(206, '998486120.9.jpg', 24, '2020-05-14 08:51:25', '2020-05-14 08:51:25'),
(207, '878709494.10.jpg', 24, '2020-05-14 08:51:25', '2020-05-14 08:51:25'),
(208, '1800284009.jKm4_8.jpg', 24, '2020-05-14 08:51:25', '2020-05-14 08:51:25'),
(209, '705773051.samsung-galaxy-s20-plus-8gb-128gb-cty_1.jpg', 24, '2020-05-14 08:51:25', '2020-05-14 08:51:25'),
(210, '1593143551.yuIu_images.jpg', 24, '2020-05-14 08:51:25', '2020-05-14 08:51:25'),
(211, '1049962961.samsung-galaxy-s20-plus-8gb-128gb-cty_1.jpg', 23, '2020-05-14 08:52:18', '2020-05-14 08:52:18'),
(212, '155356982.9.jpg', 23, '2020-05-14 08:52:19', '2020-05-14 08:52:19'),
(213, '1482087381.10.jpg', 23, '2020-05-14 08:52:19', '2020-05-14 08:52:19'),
(214, '712995622.12.jpg', 23, '2020-05-14 08:52:19', '2020-05-14 08:52:19'),
(215, '390936803.jKm4_8.jpg', 23, '2020-05-14 08:52:19', '2020-05-14 08:52:19'),
(216, '1551103602.yuIu_images.jpg', 23, '2020-05-14 08:52:19', '2020-05-14 08:52:19'),
(217, '1615-tai-nghe-beats-studio-3-wireless--1-.jpg', 22, '2020-05-15 08:57:03', '2020-05-15 08:57:03'),
(218, '1728639812.images.jpg', 22, '2020-05-15 08:57:03', '2020-05-15 08:57:03'),
(219, '647145748.1615-tai-nghe-beats-studio-3-wireless--1-.jpg', 21, '2020-05-15 08:57:17', '2020-05-15 08:57:17'),
(220, '1874531575.images.jpg', 21, '2020-05-15 08:57:17', '2020-05-15 08:57:17'),
(221, '604892905.1615-tai-nghe-beats-studio-3-wireless--1-.jpg', 20, '2020-05-15 08:57:34', '2020-05-15 08:57:34'),
(222, '1534099975.images.jpg', 20, '2020-05-15 08:57:34', '2020-05-15 08:57:34'),
(223, '1011138904.1615-tai-nghe-beats-studio-3-wireless--1-.jpg', 19, '2020-05-15 08:57:46', '2020-05-15 08:57:46'),
(224, '1034697093.images.jpg', 19, '2020-05-15 08:57:47', '2020-05-15 08:57:47'),
(225, '714268546.1615-tai-nghe-beats-studio-3-wireless--1-.jpg', 18, '2020-05-15 08:58:18', '2020-05-15 08:58:18'),
(226, '782529473.images.jpg', 17, '2020-05-15 08:58:38', '2020-05-15 08:58:38'),
(227, '2.jpg', 17, '2020-05-15 08:59:09', '2020-05-15 08:59:09'),
(228, '1686355965.1615-tai-nghe-beats-studio-3-wireless--1-.jpg', 17, '2020-05-15 08:59:09', '2020-05-15 08:59:09'),
(229, 'Fyyt_5.jpg', 17, '2020-05-15 08:59:10', '2020-05-15 08:59:10'),
(230, 'hFEl_7.jpg', 17, '2020-05-15 08:59:10', '2020-05-15 08:59:10'),
(231, 'Wsif_6.jpg', 17, '2020-05-15 08:59:10', '2020-05-15 08:59:10'),
(232, '1913773540.2.jpg', 18, '2020-05-15 08:59:52', '2020-05-15 08:59:52'),
(233, '1102369936.Fyyt_5.jpg', 18, '2020-05-15 08:59:53', '2020-05-15 08:59:53'),
(234, '1062883321.hFEl_7.jpg', 18, '2020-05-15 08:59:53', '2020-05-15 08:59:53'),
(235, '865955839.Wsif_6.jpg', 18, '2020-05-15 08:59:53', '2020-05-15 08:59:53'),
(236, 'XAjn_images.jpg', 18, '2020-05-15 08:59:53', '2020-05-15 08:59:53');

-- --------------------------------------------------------

--
-- Cấu trúc bảng cho bảng `rating`
--

CREATE TABLE `rating` (
  `id` int(10) UNSIGNED NOT NULL,
  `product_id` int(11) NOT NULL DEFAULT '0',
  `number` tinyint(4) NOT NULL DEFAULT '0',
  `content` varchar(191) COLLATE utf8mb4_unicode_ci DEFAULT NULL,
  `user_id` int(11) NOT NULL DEFAULT '0',
  `created_at` timestamp NULL DEFAULT NULL,
  `updated_at` timestamp NULL DEFAULT NULL
) ENGINE=InnoDB DEFAULT CHARSET=utf8mb4 COLLATE=utf8mb4_unicode_ci;

--
-- Đang đổ dữ liệu cho bảng `rating`
--

INSERT INTO `rating` (`id`, `product_id`, `number`, `content`, `user_id`, `created_at`, `updated_at`) VALUES
(34, 2, 3, 'đẹp', 1, '2020-02-02 08:46:19', '2020-02-02 08:46:19'),
(35, 2, 4, 'dsadsdsds', 9, '2020-02-13 09:02:19', '2020-02-13 09:02:19'),
(36, 2, 3, 'gâu', 9, '2020-02-13 09:07:45', '2020-02-13 09:07:45'),
(38, 1, 3, 'quá tốt', 31, '2020-04-28 09:12:17', '2020-04-28 09:12:17');

-- --------------------------------------------------------

--
-- Cấu trúc bảng cho bảng `transaction`
--

CREATE TABLE `transaction` (
  `id` int(10) UNSIGNED NOT NULL,
  `user_id` int(11) NOT NULL DEFAULT '0',
  `total` int(11) NOT NULL DEFAULT '0',
  `note` varchar(191) COLLATE utf8mb4_unicode_ci DEFAULT NULL,
  `address` varchar(191) COLLATE utf8mb4_unicode_ci DEFAULT NULL,
  `phone` varchar(191) COLLATE utf8mb4_unicode_ci DEFAULT NULL,
  `status` tinyint(4) NOT NULL DEFAULT '0',
  `pay_type` tinyint(4) NOT NULL DEFAULT '2',
  `created_at` timestamp NULL DEFAULT NULL,
  `updated_at` timestamp NULL DEFAULT NULL
) ENGINE=InnoDB DEFAULT CHARSET=utf8mb4 COLLATE=utf8mb4_unicode_ci;

--
-- Đang đổ dữ liệu cho bảng `transaction`
--

INSERT INTO `transaction` (`id`, `user_id`, `total`, `note`, `address`, `phone`, `status`, `pay_type`, `created_at`, `updated_at`) VALUES
(25, 32, 1400000, 'nhanh', 'bến tre', '90127458', 0, 2, '2020-05-15 09:05:26', '2020-05-15 09:05:26');

-- --------------------------------------------------------

--
-- Cấu trúc bảng cho bảng `users`
--

CREATE TABLE `users` (
  `id` int(10) UNSIGNED NOT NULL,
  `name` varchar(191) COLLATE utf8mb4_unicode_ci NOT NULL,
  `password` varchar(60) COLLATE utf8mb4_unicode_ci NOT NULL,
  `email` varchar(191) COLLATE utf8mb4_unicode_ci NOT NULL,
  `phone` int(11) DEFAULT NULL,
  `address` varchar(191) COLLATE utf8mb4_unicode_ci DEFAULT NULL,
  `avatar` varchar(191) COLLATE utf8mb4_unicode_ci DEFAULT NULL,
  `active` tinyint(11) NOT NULL DEFAULT '1',
  `total_pay` int(11) DEFAULT '0',
  `code` varchar(191) COLLATE utf8mb4_unicode_ci DEFAULT NULL,
  `time_code` timestamp NULL DEFAULT NULL,
  `code_active` varchar(191) COLLATE utf8mb4_unicode_ci DEFAULT NULL,
  `time_active` timestamp NULL DEFAULT NULL,
  `remember_token` varchar(100) COLLATE utf8mb4_unicode_ci DEFAULT NULL,
  `created_at` timestamp NULL DEFAULT NULL,
  `updated_at` timestamp NULL DEFAULT NULL
) ENGINE=InnoDB DEFAULT CHARSET=utf8mb4 COLLATE=utf8mb4_unicode_ci;

--
-- Đang đổ dữ liệu cho bảng `users`
--

INSERT INTO `users` (`id`, `name`, `password`, `email`, `phone`, `address`, `avatar`, `active`, `total_pay`, `code`, `time_code`, `code_active`, `time_active`, `remember_token`, `created_at`, `updated_at`) VALUES
(32, 'Nguyễn Minh', '$2y$10$viw0iZK6.8baCyrIIF0vru7eLnl3WCL1Wy5e5UO7GF2n7y3Sn8w.a', 'Khachhang@abc', 90127458, 'bến tre', 'yvAb_81235782_1245266008998861_4379076409356713984_n.jpg', 2, 0, NULL, NULL, '$2y$10$9Ap.6dYUX9oyEc7XAFvFE.oyoAYFQ.tzu0P/hlgarM8GxZw8CLPLK', '2020-05-15 09:04:27', 'xkvHmsDDW4wg3vMtxhFH8eD4mD6mJ5Z6ot0sRs9Xfaj72wYoUK7nMtxAftV9', '2020-05-15 09:04:27', '2020-05-21 08:52:42'),
(33, 'Lê Trung', '$2y$10$j69.iXVOUQu45oAPjXN.Juk.IheVTEOrUusuNB.uc3gbWbOtOzEva', 'nobita@abc', 944566, 'bến tre', NULL, 1, 0, NULL, NULL, '$2y$10$6ncyyS3V4lBCTfH2Y..ftOP..4Ftuhtfzx23dN.u1zvGdtutVFbWC', '2020-05-21 08:56:13', NULL, '2020-05-21 08:56:13', '2020-05-21 09:05:23');

--
-- Chỉ mục cho các bảng đã đổ
--

--
-- Chỉ mục cho bảng `admin`
--
ALTER TABLE `admin`
  ADD PRIMARY KEY (`id`),
  ADD KEY `admin_active_index` (`active`);

--
-- Chỉ mục cho bảng `cates`
--
ALTER TABLE `cates`
  ADD PRIMARY KEY (`id`),
  ADD UNIQUE KEY `cates_name_unique` (`name`);

--
-- Chỉ mục cho bảng `contact`
--
ALTER TABLE `contact`
  ADD PRIMARY KEY (`id`);

--
-- Chỉ mục cho bảng `failed_jobs`
--
ALTER TABLE `failed_jobs`
  ADD PRIMARY KEY (`id`);

--
-- Chỉ mục cho bảng `migrations`
--
ALTER TABLE `migrations`
  ADD PRIMARY KEY (`id`);

--
-- Chỉ mục cho bảng `order`
--
ALTER TABLE `order`
  ADD PRIMARY KEY (`id`),
  ADD KEY `order_transaction_id_index` (`transaction_id`),
  ADD KEY `order_product_id_index` (`product_id`);

--
-- Chỉ mục cho bảng `password_resets`
--
ALTER TABLE `password_resets`
  ADD KEY `password_resets_email_index` (`email`);

--
-- Chỉ mục cho bảng `products`
--
ALTER TABLE `products`
  ADD PRIMARY KEY (`id`),
  ADD UNIQUE KEY `products_name_unique` (`name`),
  ADD KEY `products_alias_index` (`alias`),
  ADD KEY `products_pro_active_index` (`pro_active`),
  ADD KEY `products_cate_id_index` (`cate_id`);

--
-- Chỉ mục cho bảng `product_images`
--
ALTER TABLE `product_images`
  ADD PRIMARY KEY (`id`),
  ADD KEY `product_images_product_id_foreign` (`product_id`);

--
-- Chỉ mục cho bảng `rating`
--
ALTER TABLE `rating`
  ADD PRIMARY KEY (`id`),
  ADD KEY `rating_product_id_index` (`product_id`),
  ADD KEY `rating_user_id_index` (`user_id`);

--
-- Chỉ mục cho bảng `transaction`
--
ALTER TABLE `transaction`
  ADD PRIMARY KEY (`id`),
  ADD KEY `transaction_user_id_index` (`user_id`),
  ADD KEY `transaction_status_index` (`status`);

--
-- Chỉ mục cho bảng `users`
--
ALTER TABLE `users`
  ADD PRIMARY KEY (`id`),
  ADD UNIQUE KEY `users_username_unique` (`name`),
  ADD KEY `code` (`code`),
  ADD KEY `code_active` (`code_active`);

--
-- AUTO_INCREMENT cho các bảng đã đổ
--

--
-- AUTO_INCREMENT cho bảng `admin`
--
ALTER TABLE `admin`
  MODIFY `id` int(10) UNSIGNED NOT NULL AUTO_INCREMENT, AUTO_INCREMENT=5;

--
-- AUTO_INCREMENT cho bảng `cates`
--
ALTER TABLE `cates`
  MODIFY `id` int(10) UNSIGNED NOT NULL AUTO_INCREMENT, AUTO_INCREMENT=6;

--
-- AUTO_INCREMENT cho bảng `contact`
--
ALTER TABLE `contact`
  MODIFY `id` int(10) UNSIGNED NOT NULL AUTO_INCREMENT, AUTO_INCREMENT=12;

--
-- AUTO_INCREMENT cho bảng `failed_jobs`
--
ALTER TABLE `failed_jobs`
  MODIFY `id` bigint(20) UNSIGNED NOT NULL AUTO_INCREMENT;

--
-- AUTO_INCREMENT cho bảng `migrations`
--
ALTER TABLE `migrations`
  MODIFY `id` int(10) UNSIGNED NOT NULL AUTO_INCREMENT, AUTO_INCREMENT=30;

--
-- AUTO_INCREMENT cho bảng `order`
--
ALTER TABLE `order`
  MODIFY `id` int(10) UNSIGNED NOT NULL AUTO_INCREMENT, AUTO_INCREMENT=21;

--
-- AUTO_INCREMENT cho bảng `products`
--
ALTER TABLE `products`
  MODIFY `id` int(10) UNSIGNED NOT NULL AUTO_INCREMENT, AUTO_INCREMENT=29;

--
-- AUTO_INCREMENT cho bảng `product_images`
--
ALTER TABLE `product_images`
  MODIFY `id` int(10) UNSIGNED NOT NULL AUTO_INCREMENT, AUTO_INCREMENT=237;

--
-- AUTO_INCREMENT cho bảng `rating`
--
ALTER TABLE `rating`
  MODIFY `id` int(10) UNSIGNED NOT NULL AUTO_INCREMENT, AUTO_INCREMENT=39;

--
-- AUTO_INCREMENT cho bảng `transaction`
--
ALTER TABLE `transaction`
  MODIFY `id` int(10) UNSIGNED NOT NULL AUTO_INCREMENT, AUTO_INCREMENT=26;

--
-- AUTO_INCREMENT cho bảng `users`
--
ALTER TABLE `users`
  MODIFY `id` int(10) UNSIGNED NOT NULL AUTO_INCREMENT, AUTO_INCREMENT=34;

--
-- Các ràng buộc cho các bảng đã đổ
--

--
-- Các ràng buộc cho bảng `order`
--
ALTER TABLE `order`
  ADD CONSTRAINT `order_transaction_id_foreign` FOREIGN KEY (`transaction_id`) REFERENCES `transaction` (`id`) ON DELETE CASCADE;

--
-- Các ràng buộc cho bảng `products`
--
ALTER TABLE `products`
  ADD CONSTRAINT `products_cate_id_foreign` FOREIGN KEY (`cate_id`) REFERENCES `cates` (`id`) ON DELETE CASCADE;

--
-- Các ràng buộc cho bảng `product_images`
--
ALTER TABLE `product_images`
  ADD CONSTRAINT `product_images_product_id_foreign` FOREIGN KEY (`product_id`) REFERENCES `products` (`id`) ON DELETE CASCADE;
COMMIT;

/*!40101 SET CHARACTER_SET_CLIENT=@OLD_CHARACTER_SET_CLIENT */;
/*!40101 SET CHARACTER_SET_RESULTS=@OLD_CHARACTER_SET_RESULTS */;
/*!40101 SET COLLATION_CONNECTION=@OLD_COLLATION_CONNECTION */;
